sales,Id,Web_GRP,TV_GRP,Facebook_GRP,Tone_of_Ad,No_of_Web_Banners,Weather,Avg_Temperature,No_of_Rabbits,Network_Five_G,No_of_iPhone_14_Sold,No_of_Big_Cities,Health_Index,Sustainability_Index,Choc_Capital_Distance,No_of_Competitors,Import_Regulations,Time_in_Region,Percent_Internet_Access,Percent_Uni_Degrees,Percent_Unemployed,Gender,Coffee_Consumption,Avg_No_of_Cust_Complaints,Avg_Customer_Age,id
461825.38,327,99,56,74,2,4,0,21,94,1,58,4,76,26,5390,6,1,92,57,32,7,0,2,235,20,327
187155.94,58,100,53,74,1,2,0,21,100,1,52,4,46,33,3822,4,1,54,44,34,9,0,0,246,67,58
188302.23,8,101,44,88,1,4,1,20,88,0,69,4,63,47,2447,5,0,56,50,31,3,1,0,245,77,8
516640.99,866,102,53,65,2,2,0,20,115,0,63,5,38,32,5051,5,0,98,57,37,4,0,0,224,35,866
250103.04,525,101,42,73,2,5,2,14,103,0,72,5,68,39,8699,5,1,66,46,33,2,0,0,227,45,525
275189.21,321,100,30,74,2,2,1,29,118,1,71,6,69,36,1003,6,1,70,59,31,2,1,2,225,50,321
418223.2,53,97,43,95,2,1,0,12,95,1,69,6,53,11,6892,7,0,85,48,38,1,0,1,250,54,53
282337.16,236,99,55,87,1,1,1,22,113,0,67,5,67,16,3716,5,1,67,49,30,8,1,0,245,74,236
379116.73,896,101,49,76,2,4,0,22,109,0,74,3,44,23,2169,5,1,81,50,35,15,0,0,211,21,896
412192.73,482,103,49,74,2,2,1,18,99,0,77,6,62,27,7593,4,0,86,52,32,1,0,0,230,73,482
133629.29,811,100,39,73,2,2,2,14,104,1,83,5,24,30,3813,6,1,42,37,33,6,0,0,228,47,811
221690.56,115,99,61,78,1,3,2,13,105,1,58,5,64,23,9153,5,1,58,46,34,11,0,1,225,37,115
165421.63,917,101,39,79,2,4,2,13,97,1,91,5,53,53,1588,5,1,53,50,31,3,1,0,245,68,917
232778.8,65,100,43,73,0,5,1,21,105,1,60,6,55,32,518,3,1,62,45,28,11,0,1,263,40,65
124585.28,410,104,40,82,1,2,2,15,93,0,103,4,48,19,4822,6,1,39,73,38,11,1,2,252,45,410
266966.67,39,97,45,56,2,3,1,16,98,0,88,4,34,39,9297,5,1,69,59,34,9,1,1,207,37,39
298598.1,14,98,69,81,2,3,1,14,102,1,67,5,54,38,3081,5,1,72,30,35,1,1,0,268,27,14
311174.31,180,102,46,64,2,2,2,12,95,1,71,5,71,53,6768,5,1,77,45,32,15,0,0,243,34,180
366615.57,356,100,50,78,2,4,2,23,101,0,78,6,50,39,5412,6,1,81,52,27,4,0,2,251,46,356
206461.67,12,98,56,79,1,3,1,15,99,0,74,5,60,45,3289,6,0,59,65,34,3,0,1,237,39,12
212678.65,518,100,53,84,2,3,2,24,102,1,81,4,60,33,4290,6,0,59,45,36,3,1,0,245,35,518
305383.94,228,100,39,64,2,1,1,26,104,1,91,5,52,39,9795,6,0,75,37,32,6,1,0,252,61,228
348847.62,658,101,52,85,2,2,0,12,99,0,72,6,16,21,6489,5,1,76,38,27,9,0,0,278,72,658
301719.93,371,100,36,74,2,5,0,15,97,1,89,5,49,23,2745,5,1,72,53,33,5,0,1,248,18,371
257832.03,144,98,51,80,0,3,1,25,99,1,91,3,46,29,7005,4,1,65,61,30,12,0,1,232,49,144
492518.56,138,93,44,79,2,1,0,20,106,0,49,5,41,40,1276,5,1,96,63,25,9,0,1,257,65,138
379375.84,17,98,47,81,2,1,2,24,104,1,94,5,33,21,6117,6,1,81,39,38,3,0,0,231,57,17
293911.82,581,98,51,82,0,5,1,19,93,1,107,5,31,51,2152,6,1,74,50,42,4,1,0,227,32,581
356731.45,152,101,49,78,2,2,0,20,113,0,54,6,47,22,8275,6,1,78,54,25,9,1,1,244,72,152
269011.58,762,101,68,61,2,2,1,27,92,1,52,5,55,26,723,6,1,67,62,33,9,0,0,248,69,762
205529.58,123,102,31,87,2,1,0,21,102,0,89,5,56,49,6960,5,1,59,44,28,3,0,0,252,74,123
190800.07,964,98,59,71,2,5,2,18,104,1,61,5,65,29,9793,5,1,55,49,36,5,0,0,254,67,964
254636.85,66,103,45,76,1,3,0,15,112,1,86,3,45,44,6870,5,1,68,55,37,4,1,1,259,24,66
169502.15,116,98,45,72,2,4,0,28,93,1,67,6,46,44,7844,4,1,53,44,32,6,0,0,230,34,116
123119.28,495,94,54,57,2,3,2,19,91,1,81,3,35,26,296,6,1,41,42,34,20,0,1,250,76,495
417264.47,112,103,37,63,2,4,2,11,101,1,79,4,54,10,8454,3,1,86,55,33,3,0,1,238,76,112
341970.9,712,98,46,73,2,3,2,13,100,0,92,6,68,35,4012,5,1,79,50,32,3,0,1,237,62,712
303837.46,96,98,52,76,1,1,2,18,105,1,63,6,58,43,7583,5,1,75,50,38,15,0,0,253,41,96
201474.49,305,104,53,85,0,5,1,26,97,1,85,5,41,18,4522,6,1,52,47,33,7,0,0,206,31,305
497942.04,79,96,57,91,2,4,2,13,97,0,84,6,44,19,8890,5,0,94,62,32,1,1,2,244,34,79
380837.64,500,105,52,87,2,1,1,21,102,1,78,7,64,17,1781,6,1,80,48,23,9,0,0,241,19,500
345248.37,835,95,56,100,2,4,0,12,90,0,59,5,34,35,9894,3,1,77,62,36,20,0,0,248,57,835
540507.94,245,103,58,78,1,2,0,14,94,0,68,4,65,9,2352,4,1,98,55,37,15,1,0,214,46,245
240296.87,534,99,55,66,1,5,1,24,99,1,59,4,58,36,58,4,1,64,43,37,3,1,0,217,25,534
217814.52,744,100,47,67,2,1,2,10,94,1,90,6,45,24,2199,5,1,58,54,29,12,1,2,236,63,744
328941.0,121,105,65,76,1,3,1,21,97,1,61,6,22,38,2245,4,1,75,43,34,2,0,0,247,40,121
238505.8,981,100,51,64,2,4,0,12,98,1,79,5,53,11,8875,5,1,60,42,32,4,1,0,234,28,981
321724.0,660,102,48,83,2,2,2,22,110,1,88,5,55,16,3966,6,1,73,51,36,5,1,0,241,66,660
256335.92,509,99,55,69,2,3,0,24,115,1,81,4,56,45,7061,7,1,67,57,29,1,0,0,240,72,509
266644.69,701,99,50,78,1,1,1,21,101,0,90,6,52,36,1693,6,1,68,51,33,9,0,1,239,61,701
338032.45,97,102,54,46,1,4,2,26,95,1,59,5,31,33,9846,6,1,78,53,30,1,1,0,238,65,97
310689.15,814,101,47,75,2,3,1,17,101,1,72,5,52,34,7452,5,1,74,26,33,1,0,1,250,28,814
246686.53,985,103,56,74,2,1,0,20,105,1,58,4,37,47,5300,5,1,64,36,29,15,0,1,229,65,985
288497.99,913,97,48,70,2,5,2,28,112,1,76,5,72,21,6845,4,1,71,48,40,10,1,0,256,34,913
161037.87,289,100,45,54,2,5,2,11,101,0,70,6,66,14,772,4,1,48,40,37,9,0,1,230,36,289
175868.24,145,99,32,69,2,5,1,19,98,0,59,3,57,44,2234,5,1,54,46,24,15,0,0,255,18,145
144954.63,451,95,59,79,2,2,2,23,106,1,65,4,26,40,55,5,0,46,52,34,7,1,0,256,72,451
321603.1,219,96,51,70,1,1,1,10,103,1,89,3,15,41,361,4,1,76,53,33,8,1,0,244,68,219
215091.7,239,96,57,57,2,4,0,22,100,1,57,5,62,25,59,4,1,59,54,33,9,1,0,241,28,239
238741.02,198,96,50,87,2,2,2,16,108,0,79,4,62,38,1535,7,1,64,47,39,11,1,0,214,56,198
147850.8,469,98,51,79,2,4,0,27,104,0,98,4,62,42,1813,5,0,49,44,40,4,1,2,241,50,469
314466.26,691,98,52,77,2,5,1,20,98,1,79,4,34,24,4751,5,1,73,64,36,8,0,0,232,19,691
424813.33,417,98,68,79,2,2,0,10,109,0,71,5,46,38,2958,5,1,88,51,38,3,1,0,235,69,417
100435.12,468,96,28,73,2,1,0,20,100,1,84,4,60,17,454,4,1,33,58,31,4,1,2,229,59,468
416976.01,31,96,49,72,2,5,2,18,105,0,71,6,29,14,3364,6,0,85,60,32,9,1,0,234,37,31
437951.0,178,102,56,88,1,5,1,26,106,0,48,4,69,27,5985,5,0,88,49,32,4,1,0,227,19,178
282505.12,916,100,35,84,2,1,0,13,90,1,94,6,42,19,5522,4,1,67,51,27,6,1,1,222,31,916
127864.2,253,101,53,72,2,5,2,20,114,0,101,5,60,24,4268,5,0,42,42,38,1,1,2,251,32,253
259818.82,125,98,47,88,2,3,2,27,108,1,80,6,48,2,5316,6,1,62,54,30,2,0,0,242,52,125
161314.0,891,101,48,78,2,1,1,25,103,1,88,5,40,52,6279,4,1,53,47,38,8,0,0,262,72,891
422155.97,561,96,57,70,1,4,1,26,88,0,74,6,54,26,8604,4,1,87,58,30,1,1,0,217,20,561
298008.83,890,99,51,75,2,5,2,10,113,1,57,3,50,17,8483,4,1,70,60,29,12,0,0,228,26,890
450983.22,667,98,42,76,2,3,2,12,112,0,78,6,34,17,473,4,1,89,52,24,4,0,1,235,38,667
530525.68,173,101,58,74,1,5,1,22,109,1,92,6,67,39,358,3,0,100,60,30,20,0,0,244,27,173
360687.85,871,92,47,68,2,4,2,25,104,1,50,7,50,29,2251,3,0,81,43,37,5,0,0,242,34,871
207539.21,63,99,40,78,2,5,0,26,97,1,73,5,28,39,5076,4,1,58,42,31,9,0,0,234,72,63
394058.81,461,101,48,70,2,5,1,26,99,1,74,5,51,31,6869,5,1,85,58,37,1,0,1,264,34,461
129390.69,334,100,57,58,2,3,0,24,96,1,77,5,57,45,1855,3,1,44,48,29,3,1,1,259,28,334
414209.82,593,99,43,69,1,5,2,16,93,1,99,5,52,46,7126,6,1,89,45,33,3,1,1,252,57,593
313325.66,153,100,48,61,0,2,0,12,94,0,75,6,42,36,4121,6,1,74,60,28,1,0,0,218,65,153
147086.8,944,98,43,97,2,5,0,13,93,1,91,4,54,42,9693,4,1,48,44,39,12,0,1,258,55,944
141639.41,3,95,47,79,1,5,0,26,99,0,64,5,52,22,6084,6,1,44,53,36,9,0,1,257,56,3
281819.2,399,99,43,94,2,4,1,25,95,1,72,4,58,34,8103,6,0,69,52,31,2,1,2,222,19,399
438202.59,612,100,46,81,2,1,0,10,95,1,81,6,56,25,5040,5,1,89,42,39,3,1,0,213,39,612
106613.9,35,97,54,84,1,4,1,20,89,1,67,4,78,39,4428,6,1,39,54,37,20,0,1,248,26,35
239577.72,197,103,47,76,2,5,2,24,87,1,61,5,54,38,163,5,1,63,37,29,1,0,1,235,78,197
224619.71,527,100,55,67,1,3,2,17,108,1,79,6,57,58,6030,7,1,64,48,31,7,0,0,212,29,527
340816.57,943,99,61,78,2,2,2,22,99,1,75,4,96,51,6600,7,1,79,54,28,6,0,1,246,64,943
369481.11,323,96,58,80,2,2,2,14,93,0,66,5,56,20,1697,5,1,79,52,27,3,1,0,223,70,323
162115.09,206,99,48,65,2,3,2,16,99,1,78,6,37,16,2051,6,1,47,66,35,12,0,0,241,47,206
101726.89,171,100,48,60,1,1,0,17,92,1,80,5,73,23,4134,6,1,35,59,33,5,0,0,223,61,171
364903.87,785,99,49,93,1,1,2,18,98,1,71,4,48,24,9973,7,1,79,52,34,15,0,0,223,74,785
206508.41,454,104,54,74,2,5,2,11,99,1,78,6,82,47,1264,6,1,58,40,23,2,1,1,232,40,454
292243.4,207,98,49,62,2,4,1,20,99,1,81,6,62,34,5221,6,1,72,61,30,15,0,0,238,61,207
364432.72,879,98,52,82,2,2,2,15,102,0,97,3,26,27,7916,5,1,79,59,32,1,1,0,216,33,879
286999.58,812,99,56,71,2,1,1,10,108,1,89,5,35,20,6081,4,0,68,47,31,3,1,0,224,18,812
209849.43,192,98,49,85,1,5,1,10,96,1,73,4,35,28,4081,6,0,58,57,37,5,1,1,267,35,192
471129.97,545,99,56,79,2,5,1,23,104,0,72,5,54,34,5512,5,1,94,44,41,15,0,0,256,70,545
170713.86,382,98,40,56,2,1,1,17,93,1,92,4,31,33,3213,7,1,52,50,30,1,1,0,221,70,382
233199.68,442,102,55,65,1,5,2,21,86,0,74,5,44,40,4222,4,1,64,55,35,4,0,0,268,34,442
222543.35,40,98,53,74,1,4,2,22,99,1,77,6,38,46,2491,5,1,62,64,32,15,0,1,238,43,40
385830.18,877,100,55,77,2,2,0,29,102,1,102,4,74,16,2235,6,1,82,44,33,3,0,1,259,61,877
346118.72,654,99,52,75,2,4,0,22,94,1,75,4,43,27,2797,6,0,78,35,34,2,0,1,255,50,654
377625.47,10,96,55,66,2,1,1,27,92,1,38,5,33,15,9191,4,0,81,46,37,11,0,0,251,51,10
271451.19,456,99,53,73,2,1,0,29,97,1,57,6,48,47,4689,6,1,69,48,28,4,1,1,252,55,456
308026.88,299,97,55,52,2,4,2,21,97,1,44,5,40,37,47,6,0,74,55,27,2,0,1,270,55,299
257396.62,411,96,50,68,2,3,0,23,96,0,70,7,62,17,1025,7,0,65,57,35,6,1,1,243,67,411
467923.06,473,100,44,78,2,2,0,19,94,1,65,5,72,-5,425,5,1,90,52,34,20,0,0,243,69,473
214321.82,769,100,50,86,1,2,2,17,106,0,49,4,53,26,1747,5,1,57,39,32,4,0,0,237,49,769
328996.79,543,98,47,99,2,5,0,22,111,0,77,6,48,33,2689,5,1,75,51,29,6,0,0,268,24,543
253950.83,933,99,44,82,2,4,2,19,101,1,74,4,47,12,1954,4,0,62,58,27,7,1,2,251,78,933
358096.21,698,104,42,68,2,2,0,19,93,0,68,6,27,34,8500,4,1,80,43,34,11,0,1,240,27,698
175902.65,365,95,56,68,0,3,1,21,92,0,93,3,78,32,4140,5,1,51,54,26,11,1,0,219,60,365
150817.37,41,95,51,65,1,2,1,27,97,1,58,6,52,48,6064,6,0,51,55,31,11,0,0,256,40,41
452322.44,475,100,50,76,2,5,0,18,98,0,75,5,61,17,4175,6,1,90,56,28,4,0,2,263,62,475
260800.72,224,98,58,84,1,4,0,10,98,1,81,5,42,14,8441,5,0,63,50,35,20,0,2,221,63,224
156929.32,487,104,45,71,1,1,1,26,104,1,83,6,44,32,2023,5,1,48,68,31,9,0,0,243,46,487
187167.41,84,97,55,92,0,3,0,10,104,1,67,6,72,23,5780,4,1,52,39,39,6,0,2,249,75,84
275787.55,196,106,46,92,2,4,2,23,96,0,64,5,54,12,941,5,0,64,56,19,15,0,1,230,48,196
147436.68,982,98,56,86,2,2,2,27,98,0,101,1,48,21,3820,3,1,43,50,38,1,1,0,229,67,982
377222.7,33,101,50,95,2,2,2,12,99,1,68,5,47,23,3515,5,1,80,52,28,7,1,0,240,77,33
240895.42,863,99,37,77,0,1,0,17,97,0,61,6,37,43,6910,5,1,65,42,35,9,1,1,239,19,863
172173.18,453,96,43,52,2,5,2,22,101,1,79,5,51,51,9357,5,1,56,46,32,1,0,0,222,49,453
172363.69,600,97,60,83,2,3,0,27,95,1,104,4,67,27,2972,4,1,49,36,33,9,0,0,238,52,600
216742.26,237,99,48,83,2,1,1,21,107,1,90,5,46,24,7697,5,1,58,50,39,2,1,0,232,32,237
269172.72,449,97,38,85,2,3,1,24,120,1,68,6,35,37,7211,5,1,69,54,36,2,1,2,260,36,449
314970.81,103,101,50,76,2,3,1,24,104,1,74,5,64,22,1789,7,1,73,60,29,9,0,0,234,41,103
218401.21,895,101,50,69,2,1,1,20,114,1,62,5,44,28,872,4,1,58,63,30,20,1,0,220,55,895
265030.82,60,99,50,87,1,3,2,22,103,1,94,5,47,40,3077,6,1,69,49,43,5,1,0,242,63,60
253968.94,705,98,56,71,2,1,1,13,97,1,61,4,42,37,9405,4,1,66,38,35,7,1,1,249,29,705
144679.92,934,99,47,68,0,4,1,28,91,1,56,3,41,25,1905,5,1,44,45,30,3,0,0,234,28,934
245477.84,496,99,48,60,1,3,0,20,103,1,61,5,47,26,9917,4,1,64,43,34,15,0,1,239,36,496
264849.2,751,99,39,83,1,1,1,15,82,1,73,4,33,22,6194,4,1,65,45,30,7,1,1,245,73,751
282797.45,510,95,41,79,1,1,2,10,93,1,83,5,40,44,3869,6,1,71,41,31,11,0,1,237,76,510
236627.97,752,98,55,78,0,3,0,24,94,0,67,5,14,47,2565,7,0,65,44,40,9,0,1,256,51,752
296418.17,149,98,56,87,2,3,2,26,102,0,68,3,53,29,7746,4,1,70,58,31,2,1,1,230,51,149
183135.65,30,96,66,74,0,3,2,28,85,1,71,7,31,25,1645,6,1,50,47,30,11,1,0,239,28,30
191878.61,748,94,53,73,1,2,2,12,110,0,124,4,61,41,8015,5,1,58,44,39,8,1,0,242,26,748
184659.69,676,100,57,72,2,5,0,25,97,0,89,4,60,39,9598,6,0,55,52,34,2,0,0,244,33,676
126083.78,699,102,55,83,2,2,0,19,105,0,67,7,64,20,3494,3,0,36,53,28,2,1,0,239,56,699
224372.84,618,100,57,79,1,1,2,26,106,1,85,5,72,45,5744,5,1,64,54,42,3,0,2,247,62,618
292265.23,232,99,45,81,2,1,0,23,103,1,75,3,34,36,729,5,1,71,37,35,1,1,0,211,27,232
352522.03,579,95,55,92,2,2,0,28,99,1,95,5,52,50,1399,6,1,80,16,33,1,0,0,245,30,579
202729.46,452,104,45,76,1,1,2,23,108,1,67,4,46,40,8092,4,0,60,45,46,9,1,1,249,68,452
279680.3,565,98,44,74,2,1,0,12,108,0,59,4,51,25,3133,5,1,69,40,32,11,1,1,250,57,565
140976.79,783,98,39,71,2,3,1,14,101,1,65,4,28,24,3884,4,1,44,45,35,12,1,0,254,69,783
126600.2,281,98,50,89,2,3,2,29,96,1,59,5,41,27,3157,4,1,40,48,38,4,1,0,275,29,281
226799.53,832,98,29,76,1,3,0,12,99,1,90,3,56,18,6478,5,1,60,33,26,1,0,1,228,50,832
363006.12,44,97,42,75,2,1,0,25,106,1,73,4,38,27,9396,4,1,80,49,30,12,1,1,239,73,44
261860.76,293,99,46,79,1,3,2,20,105,1,58,4,31,23,5807,6,1,65,45,26,3,1,0,238,37,293
151500.74,592,104,39,75,2,2,1,12,103,0,67,6,44,17,9426,4,1,44,57,33,5,1,0,233,35,592
335856.23,578,97,50,91,2,4,2,21,98,0,56,5,56,7,2529,5,0,74,60,34,4,0,1,252,57,578
344491.27,988,97,49,90,1,1,0,20,89,1,63,5,42,20,3904,6,1,76,33,30,6,0,1,236,67,988
224916.74,946,98,47,91,2,2,0,14,106,1,63,4,45,22,5396,7,1,59,53,33,9,0,0,265,56,946
341435.51,290,95,46,80,2,2,2,20,98,0,85,6,38,42,3030,4,1,78,45,27,12,0,2,263,63,290
428718.54,501,101,52,55,2,3,1,17,101,0,70,6,33,26,762,5,1,89,57,37,9,1,1,267,42,501
311284.46,973,98,38,69,1,4,2,12,98,0,89,4,19,38,2675,6,1,75,75,34,20,0,1,231,37,973
151793.71,535,100,49,74,1,3,1,15,105,1,90,4,67,33,2756,5,1,48,62,31,20,0,0,263,52,535
219589.34,639,103,49,76,2,4,0,19,94,0,98,4,73,17,4936,6,1,58,54,31,9,1,0,238,35,639
372400.73,70,101,61,82,2,2,1,14,112,0,66,7,54,22,5568,5,1,80,46,37,15,1,0,240,23,70
267218.16,175,96,53,79,0,5,1,19,108,1,76,5,42,44,8253,6,1,69,40,40,4,0,1,226,70,175
185858.09,994,95,38,75,2,1,1,27,94,0,65,2,37,45,2580,5,1,55,63,32,8,1,0,211,50,994
89885.32,419,100,51,70,1,5,2,24,106,0,35,5,56,39,5505,5,0,33,48,32,8,1,0,246,46,419
410546.78,443,101,49,89,2,1,1,13,99,1,85,4,75,23,2186,4,1,85,60,32,6,1,1,237,46,443
371128.57,340,93,51,66,1,3,1,19,100,1,95,4,82,14,3297,3,1,81,55,32,15,1,1,239,36,340
306913.66,374,93,43,72,1,1,1,25,96,1,77,5,46,32,3912,4,1,73,58,26,7,1,1,236,59,374
223303.92,404,92,47,66,2,4,0,23,103,0,81,6,23,33,4520,5,1,62,38,36,1,1,0,246,63,404
209463.67,794,95,56,73,2,1,2,16,108,1,67,5,35,22,8930,4,1,56,64,33,8,1,1,241,32,794
349656.79,282,96,49,86,1,3,0,17,101,1,61,4,52,43,9349,6,1,80,41,33,1,1,0,253,23,282
137717.56,313,97,40,71,2,4,2,13,101,1,81,3,50,28,9798,6,1,43,43,28,10,0,1,220,54,313
425992.85,995,101,50,88,2,5,0,23,94,1,85,5,44,46,738,5,1,88,54,30,20,1,0,237,32,995
249209.86,463,99,49,76,2,4,2,23,96,1,75,6,38,24,6181,6,1,63,61,34,9,0,1,231,71,463
322673.1,295,99,39,76,1,4,1,10,100,0,59,4,32,52,1535,3,1,78,55,36,20,1,0,243,34,295
337485.35,824,100,51,64,2,3,1,16,105,0,88,5,73,23,8318,6,1,77,49,33,20,0,1,228,60,824
229150.84,269,98,31,74,1,5,2,26,102,1,57,5,36,27,7964,6,0,63,54,38,4,0,1,259,72,269
184143.75,401,102,51,77,2,4,0,14,105,0,86,5,32,38,1391,4,1,52,45,27,9,1,1,259,35,401
148044.76,837,98,58,61,2,5,2,11,96,0,62,5,73,56,6320,7,1,50,52,28,2,1,0,253,58,837
446670.82,390,102,58,81,2,2,2,22,111,0,78,5,29,30,8979,5,0,89,35,33,12,1,1,241,55,390
213866.73,353,101,52,75,1,1,2,29,98,1,104,6,38,32,4974,5,1,59,29,37,1,0,0,237,52,353
371478.93,27,99,42,80,1,4,1,19,94,1,65,4,35,12,4830,4,1,79,50,27,7,0,0,234,41,27
166360.47,311,95,37,88,1,3,1,26,109,1,81,6,63,36,4528,6,1,52,47,34,6,1,0,242,43,311
339191.05,108,96,45,55,2,2,1,23,87,1,85,5,46,49,1457,4,1,81,56,33,3,1,1,261,62,108
273637.23,76,99,42,56,0,4,2,11,95,1,66,5,46,35,6077,6,1,70,55,31,2,0,1,248,57,76
674516.46,759,102,53,85,2,4,0,11,102,1,98,4,51,35,7430,7,1,113,49,34,9,0,1,215,50,759
655381.34,819,99,54,69,2,4,1,18,93,0,53,6,56,35,2956,4,1,112,52,35,8,1,0,242,41,819
295123.36,953,102,57,80,2,4,2,22,110,1,61,5,71,5,4771,6,1,68,57,30,1,0,0,244,56,953
306552.47,516,100,43,83,2,4,0,26,103,0,102,4,62,32,7706,5,1,73,55,31,6,0,0,265,42,516
552861.21,731,100,30,68,2,1,2,24,111,1,51,6,26,29,560,4,1,103,51,40,9,0,0,241,18,731
567063.48,402,96,57,83,1,2,2,11,109,0,104,4,21,28,9500,5,0,102,54,34,9,1,0,252,30,402
392999.78,947,100,37,69,1,4,0,16,104,1,74,6,57,39,9332,7,0,86,44,31,8,1,1,250,66,947
336272.1,204,101,53,89,2,2,1,17,101,0,75,6,49,5,1989,6,1,73,40,41,1,1,0,220,41,204
118337.91,662,102,54,79,2,3,2,10,91,0,74,5,69,32,2432,5,0,38,64,31,9,0,1,244,74,662
260552.99,102,100,52,68,1,5,1,27,97,1,70,6,66,14,8943,3,0,65,54,37,9,1,1,236,34,102
350687.56,761,95,56,76,1,2,0,25,103,1,66,5,44,37,934,6,1,79,53,33,1,1,1,247,20,761
351772.11,721,100,61,59,2,2,1,21,103,0,80,6,38,15,1991,7,1,78,54,33,2,1,0,238,21,721
393162.61,247,99,41,80,1,4,0,12,105,0,73,2,66,34,1130,5,1,85,49,31,8,1,0,231,32,247
262659.07,958,95,51,63,2,4,2,16,109,1,79,5,41,27,894,5,1,67,59,35,9,0,0,260,69,958
416780.75,226,99,51,73,2,5,1,19,96,1,64,5,65,42,2385,5,1,89,46,36,20,0,0,248,24,226
308526.64,619,96,57,72,2,4,1,23,100,0,75,3,52,37,1343,5,0,74,67,34,8,0,0,240,75,619
274636.3,829,101,43,82,2,1,1,24,99,1,52,6,77,-5,6073,4,1,64,32,37,12,1,0,219,69,829
322504.54,813,98,50,82,2,2,2,19,99,1,96,5,49,35,23,3,1,75,51,31,10,1,1,241,55,813
214213.54,931,100,37,66,1,3,2,29,99,1,60,6,42,27,593,5,1,60,57,34,9,1,0,265,53,931
232478.94,570,97,61,80,0,4,0,18,104,1,69,3,81,31,9888,5,1,61,47,31,15,1,2,234,58,570
409935.1,409,95,45,80,1,2,0,14,98,1,87,6,45,12,2927,4,1,85,43,39,1,0,1,266,52,409
156158.63,129,102,54,64,2,1,0,22,93,0,58,4,52,50,6675,4,1,50,51,33,12,1,0,227,44,129
328887.13,465,98,60,74,0,2,0,21,93,0,104,4,52,24,6939,4,1,74,41,28,11,0,0,223,73,465
290825.76,214,98,62,58,1,5,0,29,99,1,54,4,45,14,7815,5,1,69,47,33,1,0,0,230,39,214
554154.51,506,101,59,73,2,1,1,27,101,1,63,7,59,24,5308,4,1,101,50,31,12,1,1,250,43,506
167848.11,924,100,40,62,2,3,2,22,97,1,65,5,64,41,2937,5,0,54,61,37,20,1,0,230,43,924
353113.06,597,102,47,98,1,4,0,16,102,1,81,6,72,37,7293,5,1,79,53,30,1,0,0,248,42,597
420653.8,530,99,59,92,2,5,0,19,100,1,73,6,43,10,3954,4,0,84,44,32,11,1,0,251,72,530
405352.97,437,95,46,67,1,1,1,17,104,1,53,3,56,20,5737,7,1,86,53,36,2,1,1,225,42,437
147284.35,679,101,49,72,2,1,2,23,95,1,54,3,43,32,6768,6,1,46,57,35,1,1,0,249,68,679
245549.06,361,97,45,74,2,3,0,14,102,1,42,4,40,32,7358,6,0,64,55,35,1,1,0,230,42,361
256332.25,133,100,54,77,1,5,1,29,104,1,80,6,58,30,507,4,1,66,57,39,7,0,1,233,57,133
230058.37,694,102,41,62,2,4,1,26,95,1,78,6,48,21,6826,5,1,62,60,36,8,0,0,268,27,694
200336.78,951,101,54,64,2,3,2,26,95,0,96,5,42,20,463,5,1,56,55,38,7,1,1,258,37,951
425046.6,852,103,52,96,0,2,0,26,95,0,78,5,61,42,2994,7,0,88,60,35,9,0,0,222,67,852
314102.54,350,99,21,85,2,5,0,28,114,0,78,4,48,29,6828,4,0,75,45,35,7,0,1,234,78,350
150223.65,296,103,50,72,2,4,0,14,102,1,89,4,54,37,5124,4,0,47,49,29,15,1,1,271,48,296
358107.82,907,93,63,75,2,5,2,14,101,1,74,3,48,33,4803,4,1,79,54,28,15,0,2,207,18,907
372414.84,312,99,40,82,2,1,0,19,104,0,82,5,47,27,7474,6,1,81,39,33,3,1,0,240,62,312
276229.49,602,97,40,80,2,5,1,10,88,0,70,5,39,26,9778,4,1,68,43,28,9,1,2,236,36,602
382625.26,856,102,64,79,2,2,0,13,93,0,78,7,24,34,904,5,1,82,32,39,4,0,0,230,47,856
578742.61,460,94,52,89,2,3,1,14,94,1,72,5,56,62,954,5,1,106,51,31,5,1,1,220,54,460
309829.77,55,99,50,75,2,4,2,16,98,1,66,3,52,40,4357,5,1,74,45,32,20,0,0,242,60,55
514270.78,143,95,37,65,2,3,2,11,96,0,69,4,75,28,8025,4,1,99,38,31,6,0,0,241,32,143
75738.47,132,96,42,62,0,3,1,27,101,1,88,6,51,17,1050,5,1,27,51,41,1,1,1,250,62,132
211920.43,134,96,55,82,2,3,1,10,104,0,89,5,58,23,1816,4,1,56,35,29,3,0,1,248,78,134
437951.65,904,97,64,85,2,2,2,25,87,0,75,4,62,38,2297,5,1,90,74,39,1,1,1,234,76,904
556527.99,285,99,52,77,1,3,2,22,104,1,74,6,30,21,8472,4,0,101,46,37,15,1,1,233,72,285
315446.83,969,98,49,90,1,2,0,18,93,0,97,5,36,42,2297,4,1,74,54,31,4,0,0,226,37,969
551755.57,297,99,34,78,0,3,2,21,105,0,73,4,56,11,5866,5,0,100,29,30,1,1,0,225,71,297
401770.93,792,100,48,95,1,1,2,15,106,0,77,4,45,10,5082,8,1,82,54,30,5,1,1,221,37,792
259074.9,562,101,50,55,1,5,2,10,110,1,84,7,55,59,4485,4,1,70,49,30,9,0,0,225,25,562
253573.56,760,100,51,69,2,3,2,27,107,1,82,5,51,29,4778,5,0,65,42,31,5,0,0,238,67,760
383084.87,136,99,62,87,2,3,1,17,95,1,116,4,60,14,7942,5,0,80,45,38,8,1,0,233,63,136
485896.57,213,97,54,65,1,4,2,12,108,1,86,5,44,28,4397,6,1,95,54,34,10,0,1,241,52,213
295098.1,265,96,44,75,2,3,0,25,89,0,69,4,42,33,5665,5,1,72,45,35,11,0,2,246,37,265
348611.64,23,98,39,92,1,1,2,19,91,1,82,4,56,23,1302,5,1,78,59,38,3,1,0,236,42,23
260890.76,98,96,61,80,2,4,1,13,105,0,57,5,56,17,2941,6,1,63,43,28,11,1,2,222,40,98
217107.11,20,97,55,94,2,4,0,11,104,1,70,5,54,44,3162,5,1,60,49,35,10,0,0,246,39,20
238715.03,234,100,46,66,0,4,0,25,94,0,60,5,26,44,3990,5,1,65,64,37,3,1,0,232,67,234
211479.48,325,99,42,56,2,2,0,24,95,1,75,6,38,26,2937,6,1,59,44,30,2,0,0,263,78,325
398480.09,113,100,50,71,2,5,0,15,103,1,105,6,64,34,9340,4,1,86,49,34,10,0,0,253,77,113
229699.13,362,102,55,75,2,5,0,28,108,0,71,5,45,29,2009,6,0,60,52,30,9,1,0,241,78,362
179861.13,477,101,38,66,2,1,2,11,96,0,86,6,70,40,7937,3,1,57,56,41,3,0,0,243,56,477
304170.06,787,95,47,72,1,4,1,10,100,0,83,6,44,36,810,5,1,73,53,29,9,0,2,201,43,787
545923.38,118,100,59,75,1,1,1,16,100,1,72,4,50,25,9601,5,1,100,55,33,3,0,1,247,20,118
507539.72,467,95,53,76,2,2,2,16,101,1,62,3,64,47,3003,6,1,99,58,35,4,0,0,243,22,467
474192.08,606,100,36,72,1,3,0,28,86,1,59,5,69,37,4538,6,1,95,54,31,12,0,1,243,22,606
270240.14,57,99,45,83,2,4,1,13,93,1,90,4,40,43,5964,7,1,69,52,36,6,0,1,226,22,57
239313.47,406,100,46,65,2,2,1,17,111,1,71,5,49,30,9702,6,1,63,63,27,12,0,0,230,49,406
195175.62,717,97,31,60,2,4,0,26,94,1,70,4,86,37,2747,5,0,60,56,30,3,1,1,249,76,717
436189.75,810,98,47,84,1,2,1,28,102,0,82,5,48,24,2188,8,0,88,38,30,11,1,0,248,40,810
276737.22,957,96,46,75,2,3,2,18,97,0,74,5,60,56,9047,5,1,72,51,31,6,1,1,233,41,957
203410.54,970,94,64,59,2,5,0,29,89,1,88,4,55,42,7173,5,1,58,54,25,15,1,1,242,20,970
175412.93,420,101,61,73,2,4,1,23,93,1,83,6,35,36,9275,5,1,51,38,32,10,0,0,239,74,420
105050.23,558,106,55,87,1,2,0,10,105,1,47,6,62,14,6466,4,1,27,55,33,9,0,0,232,20,558
467877.52,286,102,51,101,2,1,1,19,100,1,78,5,55,23,9414,5,1,91,48,35,5,1,1,261,52,286
294518.93,753,99,49,72,2,4,2,26,99,1,85,4,46,9,1009,5,1,69,51,32,1,0,1,248,74,753
260823.84,493,99,46,66,0,3,2,19,109,1,82,6,50,32,2831,4,0,68,54,38,3,0,2,266,38,493
408300.01,259,98,61,76,2,1,0,14,113,0,72,8,41,25,4693,3,0,85,48,43,9,1,1,229,20,259
342155.01,681,104,59,77,2,3,1,23,97,0,84,5,34,44,5338,5,0,78,50,36,4,1,0,207,73,681
635419.46,826,101,48,81,1,5,2,24,108,0,74,3,55,2,8689,5,1,107,41,36,20,1,1,228,51,826
129151.67,763,98,52,66,1,5,1,19,98,0,87,5,46,45,6060,4,1,46,58,37,9,1,0,244,76,763
350269.9,882,102,57,76,2,2,0,12,92,1,92,6,39,46,7895,7,1,81,49,42,1,0,0,256,28,882
255687.53,968,96,51,94,2,1,1,10,91,0,72,5,49,32,5650,5,1,64,42,29,4,1,0,271,41,968
184166.31,49,101,39,62,2,1,2,13,91,0,78,7,47,29,2524,6,1,55,48,38,2,0,0,260,38,49
195723.4,248,100,53,78,2,2,0,12,106,1,63,6,49,23,4645,6,1,54,37,34,8,1,0,243,26,248
176667.73,796,99,51,75,2,5,2,22,109,0,91,6,63,56,3615,4,1,58,47,39,15,0,1,247,54,796
262998.75,756,96,56,62,2,1,0,17,98,1,65,6,83,11,3850,5,1,66,55,46,4,1,0,228,44,756
659503.01,128,101,53,94,0,1,1,16,109,1,79,4,52,24,7906,7,0,110,57,31,6,1,0,225,55,128
154895.8,559,104,59,86,2,5,0,11,114,1,84,5,43,36,1908,5,0,46,44,30,9,0,0,260,43,559
145149.86,750,100,44,73,1,4,2,27,107,0,52,6,41,32,3397,5,1,47,52,38,7,0,0,246,50,750
319984.06,268,100,60,76,0,3,2,17,105,0,66,5,43,34,3288,5,1,75,57,36,4,1,0,257,25,268
326932.42,339,105,50,95,1,2,1,17,92,1,61,4,34,37,9399,4,1,75,55,34,9,1,1,248,56,339
296681.61,831,102,60,78,1,2,0,18,96,1,93,5,67,35,9062,7,0,72,59,34,9,0,1,254,52,831
403777.08,876,100,43,66,2,3,1,28,110,0,66,7,64,39,2811,6,1,88,59,35,2,0,0,263,28,876
198772.27,621,103,52,68,2,4,2,24,94,1,72,5,65,25,3733,5,0,56,54,37,2,1,2,217,74,621
412214.3,714,101,53,64,1,5,0,10,103,1,73,5,70,13,2167,4,0,86,34,37,1,0,0,247,78,714
228784.28,802,103,50,83,1,2,2,21,101,0,69,5,28,10,3248,4,1,56,40,30,9,1,0,223,67,802
403437.81,169,99,50,79,1,5,1,25,94,1,92,6,51,24,4582,5,1,84,49,32,4,0,0,234,73,169
405968.31,222,100,50,82,2,3,0,28,99,0,88,6,53,50,3787,6,1,86,42,28,10,1,0,225,62,222
510830.34,100,97,53,85,0,3,2,25,97,1,95,5,40,42,3310,3,0,98,63,36,9,1,1,236,53,100
235102.85,159,97,55,67,2,1,0,15,103,0,89,5,49,23,6580,6,1,61,33,33,9,0,0,214,71,159
423523.61,521,94,44,65,2,2,2,28,105,1,99,6,50,38,889,4,1,89,29,28,2,0,0,257,65,521
207627.53,633,101,42,91,1,4,1,18,101,0,92,4,33,21,9132,5,0,55,41,39,7,0,0,228,51,633
326711.38,538,101,44,83,2,3,0,22,97,0,83,4,58,17,9677,6,1,74,47,31,9,1,0,239,53,538
321972.17,729,97,59,70,0,1,2,19,94,1,81,4,26,20,1480,6,1,73,52,34,12,1,0,230,49,729
172287.81,218,101,51,81,2,4,2,24,103,1,41,3,26,38,2454,3,1,51,42,37,3,0,0,223,40,218
361297.69,83,97,50,83,2,2,2,18,102,0,91,5,61,18,7079,5,0,79,48,35,12,1,1,264,71,83
315153.63,50,100,61,89,2,2,0,12,97,1,60,6,28,36,9648,6,1,73,53,32,7,1,0,259,28,50
191059.1,199,99,36,67,2,3,1,10,86,1,63,4,65,43,2495,3,1,59,54,36,2,0,0,262,51,199
417934.39,383,102,47,58,2,4,1,11,90,0,68,5,32,45,1453,4,1,87,42,20,12,1,0,228,39,383
154689.34,341,95,52,63,0,4,0,24,106,1,70,5,18,29,5802,6,1,46,54,28,11,0,1,246,43,341
349958.86,202,103,56,74,2,4,0,26,111,0,90,5,49,31,4698,5,1,78,57,28,9,0,0,246,40,202
115009.64,64,94,57,80,2,2,1,18,104,0,81,5,27,23,4861,4,0,34,48,29,5,0,0,261,41,64
392920.68,923,103,52,66,1,1,1,15,95,1,61,6,55,47,6557,5,1,85,41,26,3,1,0,253,34,923
253666.56,840,97,49,73,2,5,0,20,92,1,59,2,63,36,9311,4,0,67,48,35,15,0,0,247,35,840
356236.59,52,98,55,77,2,2,2,13,105,1,102,5,23,34,7564,4,1,79,50,35,9,1,1,229,55,52
260543.59,7,102,40,69,0,5,2,29,88,1,64,7,53,54,865,5,0,68,47,24,15,0,0,236,34,7
196626.28,625,96,45,75,2,1,1,22,106,0,49,4,50,38,5596,4,1,57,48,32,2,1,0,243,72,625
242565.46,260,99,48,59,2,5,1,22,91,0,85,5,39,40,9969,7,0,66,54,37,5,1,0,236,76,260
305501.14,781,101,44,67,2,5,0,16,84,0,81,6,59,32,2615,5,1,74,51,31,4,0,0,249,55,781
276430.37,342,101,44,82,2,5,1,17,96,1,88,7,30,43,4388,4,0,70,44,36,4,0,1,250,53,342
244246.17,251,98,52,77,1,4,2,21,103,1,65,6,66,47,4011,4,1,66,53,31,7,0,0,264,26,251
359434.85,407,101,53,94,2,5,1,18,95,0,63,6,61,20,9830,4,1,78,55,33,15,1,0,237,40,407
270530.47,710,103,49,88,2,2,0,28,93,0,68,7,28,43,8421,5,1,68,66,35,11,1,1,241,46,710
275205.65,690,99,51,62,2,2,0,19,99,0,83,5,70,19,5121,5,0,68,62,36,12,1,1,222,19,690
232690.49,93,101,47,74,1,2,1,28,93,1,52,6,71,28,1865,5,1,62,48,28,3,0,0,241,37,93
151301.9,743,97,47,84,1,2,1,27,94,1,86,5,36,33,6823,4,1,45,57,26,6,1,0,257,36,743
397633.55,59,103,51,77,1,3,2,18,104,0,68,5,40,17,8116,5,1,83,39,36,9,0,2,242,21,59
313695.6,900,97,50,83,1,1,2,19,100,0,86,5,67,24,8834,4,0,73,56,31,9,1,1,246,32,900
162510.05,719,98,53,53,2,4,1,19,93,1,71,6,60,37,6157,7,1,51,51,29,8,1,0,232,27,719
319138.86,332,97,49,67,0,2,1,23,102,1,62,4,57,30,9055,5,1,75,47,34,1,1,1,226,40,332
285296.68,95,100,46,82,2,3,1,11,95,1,77,6,61,53,5994,5,1,73,35,37,20,0,0,241,24,95
197039.04,533,98,55,64,1,5,2,26,94,0,70,7,58,28,6964,6,1,56,49,29,7,1,0,241,75,533
394638.72,457,99,42,62,2,2,1,14,100,0,71,5,45,19,3287,4,1,84,40,32,6,0,2,246,35,457
282733.43,815,90,65,97,1,1,2,15,102,1,55,6,63,22,849,6,1,67,55,33,11,1,0,236,62,815
335125.51,569,99,52,84,1,1,2,21,104,1,74,4,44,17,6299,4,0,74,47,24,4,1,0,238,19,569
117452.71,661,91,56,77,2,4,1,15,89,0,76,5,58,27,557,4,1,39,59,36,1,1,1,241,30,661
81044.76,359,98,53,68,1,4,2,25,93,0,77,5,54,28,7789,5,1,29,55,41,9,0,0,229,67,359
210122.19,956,94,39,57,2,5,0,17,104,0,67,5,52,19,8612,4,0,58,45,32,4,0,0,239,61,956
290905.66,403,102,43,70,1,2,2,19,103,1,90,5,59,24,7531,6,1,71,49,31,9,0,0,258,32,403
161509.56,950,96,54,70,1,2,1,14,107,0,66,6,44,24,8004,4,1,48,53,38,7,0,0,250,59,950
257679.64,571,98,63,66,2,3,1,21,103,1,55,4,59,60,7617,5,1,70,37,37,5,1,1,241,52,571
388552.25,114,93,56,81,1,3,0,23,95,1,63,6,48,38,6481,5,0,84,30,33,1,0,0,234,49,114
307969.0,37,99,51,77,0,3,0,22,86,1,51,7,34,50,3618,5,1,76,57,44,2,1,0,213,61,37
178293.51,845,99,43,81,2,1,2,29,84,1,80,5,61,47,4889,6,1,54,51,28,15,1,0,250,54,845
237993.9,857,97,55,74,2,3,1,23,98,0,76,5,63,33,2238,5,1,64,36,37,6,0,1,245,35,857
258992.47,223,100,67,75,1,3,1,28,111,1,71,5,50,18,477,5,1,63,63,31,3,1,0,227,34,223
323585.44,459,95,37,65,2,1,0,28,114,1,41,5,42,47,8520,6,0,79,41,38,9,0,0,251,27,459
310714.32,162,98,49,76,0,4,1,24,103,0,84,4,49,33,2540,6,1,73,42,27,9,1,1,250,74,162
314297.6,424,101,43,79,2,4,1,21,102,1,79,5,76,20,7462,6,0,74,36,39,20,1,1,249,24,424
308911.82,13,95,51,68,1,1,2,27,100,1,71,6,16,16,3124,7,1,72,58,37,10,0,0,236,65,13
279912.8,828,100,49,68,1,3,0,27,83,1,74,4,66,22,7183,4,0,69,41,39,6,0,1,220,51,828
219595.28,774,105,52,83,2,5,1,24,99,0,68,7,39,25,1630,7,1,57,53,31,7,1,0,238,19,774
210019.92,352,98,41,97,2,4,2,16,97,0,69,5,70,28,4618,3,0,57,56,34,9,0,1,222,42,352
435777.58,656,95,58,71,0,4,2,22,96,0,75,5,46,30,7185,4,1,89,47,34,4,1,1,240,32,656
492112.53,488,98,45,60,0,5,2,24,102,0,60,5,67,4,4468,5,0,94,47,39,6,1,1,217,30,488
567411.69,194,99,50,68,1,5,1,17,90,1,65,5,42,45,6509,6,1,105,43,36,8,1,0,256,32,194
271539.79,966,103,44,91,2,5,0,27,98,1,49,6,59,30,7594,3,1,67,45,35,4,0,0,225,26,966
210042.23,25,99,49,65,2,1,2,12,106,1,67,6,27,60,9327,7,0,62,37,33,2,0,1,231,60,25
237593.47,422,101,54,75,2,5,1,15,117,1,75,5,47,20,3694,7,1,60,52,33,10,0,0,210,60,422
444228.05,389,99,51,76,2,5,0,21,101,1,100,6,40,36,2860,4,0,90,63,33,9,0,0,230,62,389
511410.31,682,97,60,74,2,2,0,27,103,1,111,6,53,28,9388,4,1,97,44,35,1,1,1,221,48,682
320550.64,233,94,47,92,0,3,0,17,103,1,71,6,53,30,6659,3,1,74,48,32,7,1,0,226,66,233
105883.75,370,94,52,67,1,3,1,17,109,1,99,6,29,22,4377,6,1,34,52,38,15,0,0,233,55,370
145230.53,335,99,56,52,2,1,1,15,100,0,88,4,43,47,7870,4,1,50,55,35,20,1,1,250,27,335
268763.01,476,97,45,90,2,1,1,26,101,0,75,4,46,35,7435,6,1,67,51,32,2,1,0,249,77,476
469199.28,480,99,47,66,2,3,1,24,98,0,76,6,48,16,9826,5,1,92,48,30,15,1,2,238,59,480
293129.53,630,99,50,90,2,1,2,26,108,0,102,4,64,23,9019,3,1,70,43,41,11,1,1,234,34,630
208495.46,111,101,47,88,1,4,1,10,105,1,66,5,58,39,51,6,1,59,50,37,6,0,1,241,68,111
113099.52,283,99,53,75,2,4,1,27,109,0,74,4,67,37,750,6,1,41,50,41,12,1,1,261,34,283
305990.05,266,101,53,86,2,5,1,13,101,1,66,6,53,20,565,4,1,70,50,30,4,1,1,257,66,266
383278.65,82,100,51,81,1,1,1,28,94,1,93,5,57,36,8358,4,1,83,44,31,1,1,1,251,46,82
202804.86,987,93,60,82,0,4,2,24,102,0,95,2,64,51,4062,5,1,59,47,32,9,1,0,243,60,987
298237.55,978,95,44,83,1,3,2,20,94,0,56,4,48,31,2296,5,1,72,46,35,4,1,1,226,73,978
426632.0,148,104,58,79,2,4,2,14,96,0,59,4,41,23,1871,4,1,86,63,30,8,0,0,227,59,148
319181.54,604,97,45,78,2,1,2,24,98,1,76,6,79,16,5386,5,1,74,53,36,1,0,1,232,30,604
394842.65,901,99,54,81,2,4,2,28,101,1,63,6,74,33,3962,6,1,85,63,38,9,0,2,228,55,901
645691.67,11,97,46,64,2,3,0,29,105,1,66,6,57,53,2787,4,1,113,41,32,6,0,0,254,20,11
186941.6,865,97,52,62,2,5,2,23,100,0,44,5,47,31,2151,4,1,54,40,26,11,0,0,261,42,865
319530.02,446,102,47,65,2,3,0,15,102,1,88,2,80,29,5996,5,1,76,43,32,9,0,0,272,34,446
420939.43,261,100,59,83,2,4,2,12,106,1,71,6,37,24,3781,1,0,85,59,28,1,1,1,225,65,261
398923.81,673,101,50,84,2,3,2,24,96,1,87,6,57,29,9807,6,1,84,55,32,20,1,0,227,36,673
502404.18,867,97,50,62,1,2,1,13,85,0,85,5,51,35,9509,6,1,98,53,34,4,0,2,258,37,867
487424.94,864,100,46,89,1,5,1,28,99,0,54,5,1,23,1463,6,1,93,52,36,5,0,0,247,43,864
254494.48,628,100,46,83,2,5,1,22,96,1,87,5,35,41,1753,4,1,66,49,34,6,1,0,240,50,628
304828.17,210,96,39,69,1,2,0,20,106,1,95,6,87,18,433,4,1,74,57,38,11,1,0,264,41,210
240734.49,78,100,54,84,2,3,2,26,90,1,85,6,55,36,2866,3,1,62,44,27,4,0,2,247,56,78
340274.01,276,99,47,73,2,4,2,15,102,0,74,5,44,23,7842,3,0,77,47,36,2,0,1,240,48,276
159220.43,693,100,46,83,2,3,1,13,92,1,61,6,64,31,1335,5,1,49,51,39,3,1,2,255,31,693
189904.33,795,100,41,75,1,4,1,15,87,1,85,6,63,42,6042,5,1,58,47,40,20,0,1,232,71,795
263214.99,484,99,61,68,2,4,2,16,100,0,93,4,38,65,8502,4,1,70,53,31,6,0,1,251,72,484
287739.99,984,105,56,79,2,2,1,17,98,0,70,7,40,26,96,6,1,69,63,34,6,1,0,243,69,984
299527.39,99,103,52,80,2,2,2,20,97,1,74,4,34,12,5775,5,1,69,47,30,2,0,0,252,51,99
187405.38,703,98,47,75,2,2,0,15,98,0,61,7,43,24,1297,5,0,53,46,30,9,0,0,261,43,703
341082.91,88,100,58,82,1,2,1,26,87,0,96,6,57,34,1646,6,1,78,42,37,6,1,0,241,54,88
242377.99,688,96,44,78,1,4,1,15,88,0,63,5,63,24,9468,5,1,63,49,25,6,1,1,272,76,688
389552.51,869,99,54,86,1,4,2,21,98,1,76,6,47,10,5933,5,1,81,61,38,4,0,1,239,51,869
369339.78,378,95,63,63,2,5,0,18,96,1,80,5,26,24,7355,4,1,80,34,34,4,0,0,229,50,378
352257.6,304,104,42,57,2,5,2,21,93,1,79,5,54,35,6372,5,0,81,70,34,1,1,1,246,66,304
408853.67,408,97,54,73,1,5,2,12,105,0,76,8,52,53,1957,5,0,90,55,42,3,0,0,261,34,408
504370.12,355,98,49,61,2,3,2,27,112,0,65,4,54,16,2619,4,0,96,59,36,20,1,0,223,28,355
288054.43,732,98,42,82,0,5,2,28,109,0,90,4,46,52,3966,4,1,73,41,33,1,0,0,270,41,732
214887.68,930,98,47,63,2,1,2,20,98,0,74,4,48,35,1808,5,1,61,44,34,11,1,1,262,75,930
249740.13,805,99,45,91,2,4,2,19,106,0,85,3,44,25,4717,6,1,63,43,33,7,1,0,239,26,805
318791.47,989,99,46,78,2,5,2,20,107,1,90,6,64,31,1623,3,1,75,47,35,9,0,0,238,76,989
315984.22,160,98,50,80,1,1,2,10,93,1,75,6,37,39,636,5,1,75,54,31,5,0,0,268,21,160
424414.52,426,96,45,69,1,4,2,15,95,1,68,6,49,21,4702,5,0,88,54,31,20,1,0,254,41,426
412984.31,423,100,47,91,2,3,1,18,107,1,57,3,36,52,2412,6,0,89,33,41,3,0,1,257,51,423
222978.37,187,98,61,71,2,3,1,29,94,0,67,4,43,18,2412,5,1,57,41,32,9,1,0,213,62,187
300682.53,455,102,58,85,1,2,2,21,102,1,55,5,44,31,5135,6,1,70,50,30,20,0,0,200,78,455
388108.72,462,99,50,81,2,3,1,22,111,1,83,4,56,7,9927,4,0,81,48,37,9,0,0,243,49,462
235706.35,326,96,45,86,0,1,0,24,106,0,70,4,51,1,991,4,1,58,52,36,20,0,0,242,42,326
288096.85,948,96,62,80,2,4,1,27,103,0,45,6,29,26,5685,4,1,68,57,34,8,0,0,232,63,948
430732.35,354,99,46,95,2,5,0,25,104,1,89,6,30,28,7918,4,1,87,51,34,2,1,0,233,54,354
333800.73,513,99,57,65,2,3,1,22,92,1,71,5,31,47,991,6,1,78,52,30,10,0,0,265,29,513
402141.33,980,99,55,81,0,5,2,27,102,0,82,5,49,20,746,6,0,83,57,26,15,0,1,241,78,980
321849.1,87,96,52,71,1,1,2,23,106,1,59,5,75,41,83,4,1,76,49,28,9,1,1,241,31,87
234720.18,502,96,42,88,2,5,0,10,106,1,68,4,55,43,2235,3,1,63,52,33,9,0,0,215,36,502
473997.97,191,99,49,74,1,1,2,20,97,1,101,6,45,25,4381,5,1,93,53,34,8,1,0,234,28,191
447714.22,820,100,54,70,0,2,0,11,106,0,81,7,45,42,3275,4,1,92,51,38,10,1,0,250,22,820
334567.82,396,100,44,76,1,1,1,14,101,1,75,5,13,17,449,6,1,75,47,36,15,0,0,240,67,396
423957.57,798,100,55,87,0,5,1,22,101,0,89,4,32,21,5713,7,0,86,53,34,11,1,1,272,33,798
337865.21,42,99,52,62,1,4,1,16,90,1,63,4,29,28,9211,6,1,78,54,35,4,1,1,260,46,42
361895.52,586,98,52,68,2,4,1,26,90,1,83,5,61,38,239,6,1,82,33,31,5,1,0,260,59,586
437253.22,528,105,54,73,2,4,0,19,99,0,92,5,28,17,36,5,1,87,60,28,6,1,1,253,45,528
265246.21,301,95,69,96,0,1,2,22,101,1,50,5,37,27,7703,3,1,63,41,32,9,0,0,216,71,301
170796.32,962,100,50,83,2,4,2,23,100,0,53,5,60,45,174,6,1,53,50,35,9,0,0,234,56,962
347491.97,36,100,66,81,2,3,1,22,101,0,67,3,28,52,4491,3,0,78,39,27,8,0,0,233,64,36
163675.59,846,104,44,90,1,4,1,12,91,1,85,5,28,17,9502,6,1,45,47,32,9,0,1,248,58,846
432534.4,672,99,52,76,2,1,0,15,99,0,74,4,34,34,9028,4,1,88,64,28,6,1,0,237,27,672
469475.26,793,102,60,47,2,3,0,27,105,1,75,5,49,17,6685,4,1,92,54,31,3,1,2,223,62,793
215135.04,158,103,35,63,1,2,0,17,104,0,82,7,8,59,1138,7,0,63,55,31,9,0,2,242,24,158
115915.44,758,102,51,80,0,4,0,15,98,1,59,4,42,41,5999,7,1,40,58,33,9,1,2,257,23,758
222013.6,478,103,28,74,2,3,0,25,95,0,90,5,41,36,4056,5,0,62,47,33,4,0,1,247,62,478
268744.42,522,98,55,88,2,3,1,23,102,0,75,4,22,31,2325,5,1,65,51,32,10,1,0,214,34,522
310040.63,599,100,43,81,1,2,2,16,96,1,68,4,57,12,1137,3,1,71,59,20,2,1,0,242,27,599
293185.36,385,99,35,83,2,3,2,12,98,1,73,6,33,44,5355,5,0,73,38,36,15,1,0,232,51,385
283403.23,996,98,43,72,0,2,2,11,94,1,72,5,36,42,6220,6,1,71,48,32,15,0,0,245,35,996
411617.6,432,101,49,71,2,2,2,19,101,0,63,3,59,61,3993,3,1,90,49,37,1,0,0,233,60,432
481265.11,648,101,55,90,0,2,0,20,93,0,67,7,47,23,8274,4,1,92,40,30,8,0,1,249,63,648
229106.24,671,98,55,85,2,5,1,29,99,1,43,5,69,30,5749,6,1,61,46,35,5,0,2,245,38,671
249082.82,177,96,60,69,0,5,2,24,103,1,70,3,60,19,7186,6,1,63,42,28,3,0,0,252,35,177
305286.97,539,97,53,88,2,4,2,16,97,0,63,6,53,30,2432,6,0,73,45,42,9,0,0,254,78,539
184537.37,272,98,47,85,2,1,0,23,99,1,53,5,44,32,5096,4,1,53,47,32,6,1,1,249,51,272
224806.97,622,102,58,77,2,4,2,11,107,0,76,4,26,21,5779,5,1,57,58,28,10,1,0,244,57,622
143474.26,963,94,55,72,2,4,1,17,99,1,94,5,53,34,4428,4,1,47,54,45,9,0,0,223,42,963
176906.41,800,96,42,67,2,5,2,13,95,1,89,3,66,21,501,4,1,51,46,29,9,0,1,212,47,800
243912.92,668,99,49,63,2,5,1,12,99,1,91,5,65,40,2935,4,1,66,52,33,4,1,0,246,23,668
120887.37,105,94,40,88,1,2,1,28,98,0,78,4,56,18,7357,4,1,36,49,29,7,0,0,229,26,105
343554.55,364,101,61,73,2,5,0,20,96,0,58,5,55,16,3936,5,1,76,56,28,5,1,1,237,39,364
400128.97,771,100,54,76,2,4,2,29,86,1,59,5,56,40,9140,5,1,85,49,27,5,1,1,232,64,771
81325.68,757,97,43,62,2,4,1,18,100,0,83,5,36,26,5024,6,1,28,59,32,6,1,0,219,60,757
231289.21,188,99,51,83,2,1,2,21,103,1,74,5,25,2,9487,5,1,56,59,27,6,1,0,222,53,188
320741.91,507,97,60,66,0,2,0,29,86,1,73,6,81,34,4047,5,1,76,54,34,15,1,1,266,60,507
213613.25,75,102,40,66,0,3,0,12,105,0,71,3,56,0,2740,4,1,55,59,38,4,0,0,228,25,75
310898.89,19,97,59,67,2,4,2,18,113,1,87,4,71,41,6304,4,1,76,50,39,8,1,0,237,21,19
232833.54,937,99,51,66,2,4,0,21,108,1,77,8,29,35,1745,6,1,62,52,30,2,0,0,237,32,937
296878.93,431,98,53,73,1,3,1,12,91,1,73,3,57,41,8132,5,1,73,46,32,9,0,1,245,77,431
472075.81,124,101,54,72,2,4,2,11,90,1,89,6,41,42,994,6,1,95,37,43,20,0,0,230,24,124
394742.26,466,97,60,88,0,5,2,11,91,1,82,6,38,38,2499,5,1,84,37,39,4,0,0,226,61,466
220059.8,537,98,55,70,2,2,0,23,106,0,99,5,62,32,5449,5,0,60,65,33,2,0,0,247,42,537
274006.94,734,101,47,87,0,3,2,11,107,1,72,6,46,26,812,6,1,66,45,26,3,0,1,219,77,734
225667.22,38,103,55,65,1,1,2,11,114,1,96,5,40,25,3240,4,0,60,43,33,9,1,0,249,69,38
114543.31,62,105,58,83,0,4,0,10,105,0,58,4,53,44,9327,4,1,38,39,34,9,0,1,261,44,62
218364.88,723,97,51,89,2,2,2,24,98,1,99,5,59,49,8116,5,1,60,54,26,3,0,0,270,31,723
238579.64,193,101,72,67,0,1,1,12,88,0,70,6,45,17,2298,7,1,59,54,27,3,1,1,249,75,193
180211.72,716,100,64,90,2,4,2,26,101,1,81,5,62,10,1369,6,1,48,33,38,6,1,0,255,25,716
162552.38,776,100,53,87,2,1,2,23,97,1,84,4,44,30,4552,5,1,48,41,39,2,0,1,251,63,776
301113.43,711,103,51,79,0,1,0,28,95,0,69,6,63,33,108,3,1,72,65,35,6,0,0,233,74,711
280280.51,575,102,45,60,1,4,1,28,102,1,89,5,11,35,1534,7,0,70,70,31,4,0,2,244,28,575
175532.45,839,96,52,67,2,4,1,14,96,0,64,6,54,56,1399,6,1,57,52,36,9,0,0,229,53,839
370435.69,609,99,66,71,2,1,2,29,104,0,65,3,69,52,3802,5,0,84,62,37,1,1,0,253,29,609
193689.51,400,98,49,81,1,4,2,16,91,1,72,5,56,38,2684,4,1,57,63,40,9,1,0,231,24,400
379606.32,560,96,72,71,2,4,2,20,109,0,92,6,53,42,9080,4,1,83,44,34,5,0,1,218,39,560
401698.86,906,96,50,94,2,2,1,13,101,1,57,5,23,30,1530,4,1,84,55,37,12,1,0,250,62,906
139107.86,564,100,41,72,2,2,2,26,98,0,60,5,30,20,739,5,1,43,68,40,5,0,1,248,43,564
128850.36,722,100,56,60,2,2,0,15,101,1,85,5,46,45,382,4,0,45,42,34,10,1,0,252,75,722
217840.56,298,98,38,65,2,5,1,17,104,0,88,4,46,9,3821,5,1,57,41,30,11,0,0,198,42,298
376245.88,718,104,50,67,2,3,2,29,99,1,61,4,55,27,7647,5,1,82,43,35,3,0,1,234,50,718
226541.72,601,100,44,64,2,1,2,26,96,1,59,6,36,36,7874,4,1,62,63,36,9,0,2,211,23,601
303801.77,201,101,35,72,2,1,2,29,106,1,60,6,48,10,9309,6,1,71,60,28,9,1,1,265,65,201
265570.0,104,99,54,78,2,5,2,17,86,1,93,5,38,35,1929,5,1,66,50,29,1,1,1,226,69,104
677770.38,638,105,37,78,0,1,0,21,103,0,72,6,32,41,9558,4,1,114,41,33,9,1,0,244,72,638
281952.17,243,104,66,80,2,1,1,17,98,0,77,4,35,43,7393,5,0,70,58,40,6,1,0,240,21,243
285065.26,580,95,54,75,2,4,0,14,89,0,69,6,52,26,7860,5,1,70,52,34,15,1,1,267,29,580
452650.39,110,102,48,77,2,3,2,29,102,0,59,5,62,45,8247,4,0,92,61,32,11,1,1,223,48,110
447788.88,927,99,44,75,2,2,0,18,96,1,70,4,76,27,7327,5,1,91,55,35,7,0,0,236,33,927
240919.25,294,101,54,79,1,5,2,24,94,1,66,4,61,18,5273,4,1,61,48,36,8,1,2,247,31,294
197979.42,741,100,48,84,2,4,0,26,92,1,83,6,38,41,6906,4,0,56,49,30,11,0,0,232,55,741
409856.71,511,101,56,95,0,2,0,12,101,0,75,6,57,28,5922,6,1,85,52,34,6,1,0,263,31,511
256167.31,373,97,42,68,1,1,2,22,100,0,75,3,61,34,7015,5,1,67,61,30,20,1,1,249,52,373
200409.51,309,103,45,88,2,5,1,18,101,1,77,4,71,37,5895,5,1,56,52,31,1,0,0,232,77,309
232866.34,797,98,49,80,2,1,0,23,108,0,78,8,54,19,3795,4,0,60,48,35,1,0,0,236,55,797
120772.45,939,99,56,73,2,4,0,24,103,1,91,6,57,36,1590,5,0,40,51,32,9,1,0,255,47,939
268610.45,292,99,44,82,1,5,0,11,101,0,71,6,25,23,8688,6,1,66,47,34,5,1,0,240,30,292
450704.19,893,103,47,89,1,2,1,10,99,0,56,6,76,13,6447,5,1,89,53,33,3,1,0,236,60,893
325085.82,472,94,47,69,2,4,2,12,95,0,85,6,72,34,861,5,0,77,51,32,6,0,0,245,58,472
415093.73,517,103,56,82,1,5,0,19,110,1,83,5,44,33,7755,5,1,85,47,25,3,0,0,225,71,517
266064.3,546,98,54,78,2,1,0,14,94,1,73,5,39,32,5428,4,1,67,55,40,9,1,1,234,33,546
367984.16,316,98,52,61,2,1,2,11,103,0,65,3,30,43,5508,6,0,83,61,34,6,1,0,264,59,316
382566.59,81,99,60,78,1,3,2,24,111,1,63,4,34,29,2462,6,1,81,54,27,4,0,0,216,57,81
371975.53,358,100,55,79,1,4,0,23,92,0,66,7,42,36,7378,4,0,81,49,30,9,1,0,227,41,358
235724.97,706,99,52,73,2,2,2,24,105,1,98,6,70,49,5970,5,1,65,67,33,12,1,1,231,67,706
232156.66,381,97,46,68,1,2,2,21,85,1,94,4,34,36,8425,4,1,62,57,29,4,1,0,242,73,381
170436.0,594,102,49,87,2,4,2,28,95,1,71,5,92,26,109,7,1,50,41,32,8,0,0,264,27,594
204787.67,146,100,54,57,1,3,2,28,95,0,68,4,31,6,2523,4,1,54,42,36,9,1,1,251,64,146
392159.94,45,101,39,75,1,5,2,19,102,0,52,6,47,19,4115,5,1,83,47,30,15,1,0,240,33,45
156735.03,380,98,48,78,2,2,2,15,107,1,61,3,42,55,3334,6,1,51,48,31,15,0,2,242,31,380
432468.6,322,97,48,78,0,4,1,28,91,1,75,4,48,44,4075,5,1,89,59,27,10,1,0,228,20,322
241957.82,131,99,35,89,0,1,0,21,93,0,77,6,53,32,9563,5,0,64,46,37,9,0,0,257,20,131
377086.18,391,103,57,82,2,5,2,27,104,0,73,4,45,34,331,5,0,81,55,28,8,1,1,253,72,391
351593.44,183,101,42,79,2,5,1,28,100,1,77,4,44,22,5932,4,1,78,56,31,12,0,0,261,25,183
219395.07,524,95,45,83,2,1,2,19,111,1,71,7,49,43,2172,3,0,62,50,35,20,0,1,268,31,524
114478.24,965,94,39,58,2,2,2,21,102,0,56,4,47,37,8689,6,1,42,35,36,11,1,0,226,19,965
740551.94,687,96,47,70,2,2,1,15,102,1,61,6,40,27,8533,5,1,119,47,35,9,1,0,249,39,687
284642.39,485,104,53,71,1,3,2,16,109,1,63,6,46,18,4,6,1,68,43,32,15,1,0,235,27,485
198563.13,549,103,53,72,2,2,0,17,94,0,82,5,67,18,8342,6,1,55,39,40,2,1,0,235,32,549
282254.7,225,97,48,77,1,3,2,29,104,1,85,5,65,32,9227,6,1,71,39,35,2,1,0,273,75,225
337373.18,728,99,48,70,1,2,0,22,106,1,66,6,72,33,8637,5,1,78,54,27,6,0,0,256,75,728
326114.32,929,109,45,68,2,2,1,14,102,0,46,5,27,40,4293,4,1,76,47,28,12,0,0,276,40,929
492391.02,849,95,48,79,1,5,2,26,105,1,69,6,46,32,4994,7,1,95,55,27,2,1,0,225,70,849
350484.9,368,100,45,71,2,5,0,26,104,1,70,4,38,43,6715,6,1,81,56,38,4,1,0,246,75,368
425974.63,587,100,50,85,0,2,2,22,96,1,70,4,40,27,3277,5,1,87,48,32,9,1,0,256,39,587
414181.18,960,96,46,84,2,5,1,25,101,1,96,6,47,10,4269,6,1,85,37,31,5,0,0,261,41,960
260038.38,77,97,47,57,1,1,2,21,114,1,89,5,53,20,347,5,1,66,52,26,3,1,1,233,66,77
557858.02,189,98,46,74,2,4,1,17,98,1,75,4,44,31,872,6,1,102,55,31,9,0,0,241,77,189
473975.13,498,101,55,51,1,3,1,10,93,1,77,5,57,36,2395,5,1,94,46,23,11,1,0,233,40,498
322043.12,678,98,66,83,0,3,2,24,94,0,91,4,45,22,1192,5,1,73,42,33,4,0,1,260,26,678
360566.57,450,99,54,68,1,5,2,16,99,1,50,5,31,34,2851,5,1,80,38,32,7,1,0,209,34,450
230213.84,275,97,69,68,1,2,0,24,87,1,70,5,60,48,4969,5,1,63,46,30,4,0,1,266,59,275
402719.87,470,97,39,86,2,4,0,18,98,0,89,4,40,38,1234,4,1,86,52,35,15,0,1,243,46,470
317412.66,941,98,43,73,2,5,1,15,99,1,102,5,56,22,7201,5,0,74,43,29,11,1,1,241,32,941
250547.42,614,99,54,74,1,4,0,22,112,1,81,7,76,34,7960,4,1,65,54,30,1,0,0,245,57,614
302629.48,277,96,54,80,1,3,1,29,91,0,70,5,30,23,9969,4,0,71,68,35,3,1,0,241,43,277
268686.96,5,102,45,79,2,4,2,16,103,1,80,6,59,31,1343,4,1,67,47,29,7,1,1,252,23,5
489415.78,415,99,57,59,2,3,1,14,94,0,67,4,47,32,8303,3,1,96,43,32,11,1,1,270,35,415
436173.4,544,100,60,86,1,3,2,24,93,0,64,4,54,64,2577,7,1,91,37,32,12,0,2,227,48,544
225923.39,952,103,47,83,2,2,2,14,103,0,53,4,39,52,1648,6,1,63,52,33,9,1,0,267,72,952
315141.62,803,97,58,66,1,2,0,15,102,0,77,6,38,39,6530,5,1,75,51,33,9,0,2,233,51,803
396191.29,967,99,58,65,0,2,1,15,97,0,92,7,67,11,2448,5,1,83,37,38,4,0,0,254,39,967
272962.4,324,98,50,94,1,3,2,24,96,0,78,6,51,19,7242,6,1,66,47,36,20,0,2,259,38,324
422543.17,652,95,47,64,0,1,1,15,106,1,69,7,58,22,4069,5,0,88,64,33,9,0,2,262,77,652
352164.72,190,100,36,85,1,4,1,21,101,1,61,5,44,11,290,4,1,77,41,33,12,1,2,233,59,190
282195.02,767,101,46,100,2,2,1,11,105,0,74,4,66,27,3997,6,1,69,44,40,4,0,1,253,27,767
292092.52,531,99,45,82,2,4,0,20,110,1,64,5,73,24,5364,6,0,71,57,35,9,0,1,240,60,531
273277.79,979,101,48,94,2,3,0,14,98,0,54,3,58,54,2207,6,1,70,47,33,1,1,0,233,64,979
181275.38,479,100,48,80,2,4,2,11,97,1,52,5,43,20,5297,6,1,50,55,35,1,1,0,213,60,479
433673.17,179,101,57,74,1,1,2,18,94,1,51,6,54,10,1804,4,1,86,52,33,1,0,1,224,22,179
278027.83,139,98,47,74,1,2,2,22,91,1,93,4,73,32,7917,3,1,70,56,31,9,1,0,241,19,139
312423.18,773,102,56,67,2,1,2,11,110,1,52,5,68,29,1626,6,1,74,49,35,20,1,1,243,66,773
414030.78,86,97,50,69,1,5,0,24,92,0,50,4,89,24,1313,4,0,87,58,31,5,0,0,238,22,86
416146.62,26,99,57,90,1,3,1,24,100,1,76,4,29,15,7954,5,1,84,41,32,20,0,1,242,75,26
95465.44,448,102,51,82,2,5,2,23,100,1,69,6,46,41,8502,4,1,32,60,30,8,0,0,240,35,448
268111.15,576,98,58,74,0,2,0,11,108,0,82,5,33,38,3178,4,0,68,71,39,2,0,1,241,44,576
367836.54,841,98,63,89,1,5,2,25,104,1,35,6,51,18,5261,4,1,79,52,39,11,1,0,233,21,841
194795.97,888,98,57,84,2,3,1,24,93,1,73,5,53,31,8111,6,1,53,49,27,6,1,0,254,29,888
149314.13,733,98,43,77,2,3,0,27,99,0,66,4,78,20,7163,6,1,45,37,33,7,0,1,215,70,733
308466.53,440,100,53,88,2,4,0,10,108,1,57,5,58,39,3434,3,1,73,49,30,15,0,0,251,59,440
335939.13,686,98,54,79,0,2,2,20,95,1,50,5,84,30,4617,7,1,77,57,36,5,0,1,210,71,686
415682.08,137,98,52,75,0,3,0,29,91,1,79,4,17,41,431,5,1,87,64,34,2,0,0,212,53,137
125678.35,897,99,51,66,2,2,1,15,102,0,45,4,34,25,5042,7,1,39,48,35,1,1,0,235,51,897
215175.88,300,100,56,60,2,2,1,23,100,1,69,4,67,24,6704,4,1,59,68,30,9,1,0,249,59,300
297906.98,244,102,41,90,2,1,2,24,117,1,71,3,61,36,7779,5,0,73,35,39,12,1,0,259,38,244
336574.66,254,103,40,83,2,1,2,12,102,1,61,3,39,23,1329,5,1,76,46,35,2,1,2,256,30,254
185978.13,646,101,41,71,2,2,1,16,103,0,76,3,36,49,9197,6,1,56,56,30,9,1,1,218,64,646
398660.67,499,105,40,72,2,4,1,28,113,0,67,4,41,41,2161,5,1,85,46,28,2,1,1,203,77,499
265778.24,384,100,60,72,2,1,0,22,94,1,78,5,44,18,7215,5,1,64,51,33,6,0,0,220,32,384
545151.76,610,102,46,73,2,5,2,24,102,0,51,4,75,19,9988,3,0,100,60,33,11,1,1,205,65,610
361673.27,918,99,55,74,1,3,1,29,93,1,110,5,40,35,4444,6,0,81,44,34,3,1,1,270,50,918
207088.62,730,94,60,67,1,2,2,14,95,0,85,4,63,50,3794,3,1,61,46,37,11,1,0,232,29,730
253721.82,607,102,57,83,2,5,1,15,104,1,56,4,41,17,1894,4,1,62,47,33,15,1,0,232,23,607
240001.21,54,100,49,81,1,5,1,26,97,1,71,4,56,24,1151,6,1,61,46,26,2,0,1,219,31,54
85868.22,284,99,43,65,2,5,2,26,109,0,81,6,58,17,9895,6,1,28,42,35,6,0,0,244,63,284
448521.23,742,99,68,90,1,4,2,23,102,0,68,6,48,6,4727,4,1,87,57,44,4,1,0,266,78,742
409251.19,270,102,66,76,1,2,2,12,84,1,68,7,46,10,4044,5,1,83,55,35,15,0,1,229,65,270
318611.29,936,97,48,80,2,3,0,17,102,1,72,6,53,34,9812,4,1,76,50,43,8,1,0,213,71,936
203343.27,689,101,51,71,2,5,0,16,111,0,107,5,50,30,2559,5,1,57,50,36,9,0,1,246,69,689
446691.32,859,104,43,76,1,2,0,21,87,1,98,6,57,51,7748,5,1,93,42,36,9,1,0,229,76,859
133556.21,90,95,67,72,2,4,1,11,98,1,71,4,52,44,5944,3,0,44,54,31,12,1,1,251,61,90
259484.6,2,99,47,83,1,1,1,10,106,1,73,5,37,52,1527,5,1,69,52,36,9,0,0,240,74,2
457202.69,24,100,43,73,1,3,1,27,96,0,58,6,68,31,9637,4,1,93,63,41,20,1,2,220,61,24
412150.72,784,100,48,76,2,2,0,11,102,0,70,4,59,34,8345,4,1,87,36,32,6,1,0,251,32,784
258490.34,16,99,55,75,1,4,1,10,95,0,92,5,27,17,8991,6,1,64,58,37,6,1,1,246,67,16
348551.33,375,102,49,84,2,2,1,12,97,1,62,5,46,17,1968,5,1,76,41,33,4,1,0,233,20,375
383201.66,780,97,47,86,0,5,2,20,100,1,61,4,41,32,3157,4,1,82,43,31,15,0,0,241,26,780
633041.82,291,96,49,64,1,4,0,26,100,1,92,5,55,41,2603,5,1,111,45,33,8,1,1,237,39,291
347367.18,130,97,47,49,2,3,2,17,102,1,72,4,59,27,2289,4,1,81,40,40,11,0,0,262,42,130
151760.86,56,100,43,87,2,1,1,14,102,0,80,4,36,30,9559,5,1,46,57,34,4,0,0,253,38,56
531257.33,151,95,35,71,1,1,1,25,117,0,70,4,36,21,9577,5,0,99,62,30,7,1,0,245,48,151
166965.92,909,101,40,82,2,1,2,23,94,1,53,5,72,35,2840,5,1,51,61,29,1,0,2,261,21,909
405544.45,512,101,51,69,2,3,0,15,96,0,72,6,45,27,9095,4,1,86,59,36,3,0,0,266,25,512
460628.34,747,101,52,82,2,5,0,18,107,0,58,4,43,43,6459,4,1,92,55,27,8,0,0,254,42,747
209937.99,140,100,56,83,2,5,0,15,99,0,65,4,54,29,7920,5,1,57,51,35,15,0,2,222,77,140
301626.31,212,101,54,72,2,2,1,15,99,1,72,6,60,27,4171,5,1,72,54,35,3,1,2,244,74,212
555999.14,595,101,59,74,2,4,1,16,105,1,71,5,36,26,6149,7,1,101,55,36,20,1,0,241,48,595
432434.0,427,98,56,80,2,2,2,15,93,1,86,4,19,14,332,4,1,86,54,34,7,1,0,240,57,427
326404.18,242,101,57,64,1,2,1,21,98,1,95,5,53,37,1253,4,1,77,45,37,4,0,2,239,44,242
286671.37,777,100,55,70,2,1,0,22,95,0,69,6,39,27,5202,6,1,69,35,28,3,1,1,218,48,777
442451.01,974,94,61,69,2,5,0,25,105,0,65,5,37,66,7228,4,1,93,53,32,7,0,2,255,18,974
301593.73,885,94,46,77,2,5,0,19,101,1,80,5,31,25,850,4,1,71,43,25,15,0,2,254,71,885
385417.42,870,98,50,68,2,1,2,14,99,1,71,6,41,7,9102,7,1,81,50,32,15,1,0,236,53,870
361094.82,379,98,61,92,2,5,0,22,109,0,77,6,68,24,5037,6,1,78,64,34,1,1,1,223,29,379
268399.88,692,100,32,85,1,1,0,17,95,1,68,5,30,53,7020,3,1,69,47,27,5,1,1,234,43,692
204838.43,808,95,45,77,2,1,2,12,98,1,90,6,62,34,5339,7,0,59,54,38,3,0,0,237,22,808
469693.28,526,104,48,78,2,5,1,26,104,1,88,4,59,17,696,4,0,92,32,31,20,0,0,271,22,526
437169.4,642,99,56,70,2,4,2,16,105,0,73,5,57,26,8258,4,1,89,63,29,4,1,0,248,77,642
320396.32,880,97,44,57,2,5,0,23,91,0,57,4,38,44,3141,5,0,78,44,36,15,1,0,250,49,880
134547.4,644,98,49,79,2,2,0,21,87,0,99,4,33,34,5869,6,1,43,38,36,12,0,1,228,63,644
277073.16,9,99,45,99,2,5,1,28,100,1,82,4,16,31,8506,5,1,67,54,32,1,1,1,271,53,9
409348.84,645,103,61,78,1,1,2,25,112,1,73,5,31,14,8502,6,0,83,50,32,15,1,1,223,64,645
340975.95,825,102,51,98,2,5,1,24,97,1,79,6,12,54,1308,7,0,78,46,33,2,1,0,233,68,825
204317.96,778,96,62,69,0,1,1,16,97,1,87,6,12,45,7668,5,1,57,58,30,4,1,0,228,41,778
251855.02,351,99,60,79,2,3,0,16,86,0,73,4,16,36,9722,4,1,63,53,28,7,0,1,246,23,351
332971.44,926,98,50,53,1,1,1,26,94,1,64,6,58,33,2791,5,0,78,52,33,20,0,1,240,27,926
246975.34,220,99,46,74,2,5,1,25,103,1,64,6,82,18,9589,5,1,63,63,25,10,0,0,246,57,220
121587.22,670,102,65,79,1,2,2,17,92,1,71,6,56,54,4899,5,1,43,52,36,15,0,1,232,27,670
187753.07,725,101,47,76,1,1,1,27,92,1,87,6,42,32,4336,4,1,54,44,36,2,0,0,219,71,725
200436.65,554,92,50,84,1,3,2,14,107,0,89,4,40,37,8744,2,1,56,50,28,2,1,0,270,27,554
347514.83,685,97,39,72,2,3,1,16,98,1,69,4,58,18,1250,5,1,78,41,30,15,1,0,242,20,685
354942.17,331,97,46,76,2,2,1,27,103,1,69,6,34,41,656,4,1,80,49,32,9,0,1,223,74,331
257185.05,791,99,58,72,2,1,2,27,98,1,81,5,53,33,1616,5,1,66,48,37,8,0,0,232,59,791
154277.85,695,99,40,80,0,2,2,23,101,0,70,6,63,31,2410,5,1,47,50,31,20,0,1,219,53,695
254762.85,878,101,52,99,2,5,2,19,98,1,74,3,52,33,3333,6,1,64,48,31,4,0,0,247,30,878
135486.84,360,100,59,84,2,4,1,11,101,1,95,5,75,41,3329,4,1,44,54,35,5,0,0,237,57,360
308531.54,347,95,61,85,2,3,2,22,112,1,114,5,69,25,7187,5,0,72,46,34,8,1,0,249,77,347
112854.95,915,98,41,78,2,3,0,14,93,1,99,6,47,28,4981,5,1,38,55,37,11,1,0,258,43,915
412282.43,998,97,41,76,2,2,1,25,96,1,93,4,39,32,9854,4,1,86,39,28,11,0,0,237,31,998
480541.73,397,99,55,72,1,2,1,27,92,1,66,5,34,24,5060,5,0,94,43,40,1,0,1,236,70,397
361965.02,474,100,42,59,2,1,2,16,110,0,79,5,49,43,5073,5,1,82,36,26,7,0,1,238,66,474
135562.63,942,99,47,62,2,5,1,25,97,0,93,6,37,26,1816,5,0,44,50,38,4,0,0,236,45,942
357811.85,567,101,41,76,1,4,1,12,96,1,72,5,35,34,1986,5,1,80,41,29,4,1,0,257,20,567
243257.38,634,103,45,87,0,2,2,18,107,1,71,5,35,41,3097,6,1,63,46,33,3,1,1,223,73,634
151998.76,666,97,51,78,2,2,0,19,89,1,95,4,62,50,2056,5,1,51,53,35,4,0,0,269,35,666
252978.65,117,98,36,78,2,5,1,25,112,0,62,5,52,5,673,5,1,63,46,38,3,0,2,267,77,117
414472.68,94,98,48,80,1,3,1,29,98,1,93,5,68,37,5135,5,1,87,63,29,8,0,0,236,55,94
156131.5,308,97,51,69,2,2,2,23,95,0,70,5,45,25,3697,5,1,47,44,34,3,0,0,229,67,308
203240.14,921,96,38,83,1,5,1,27,111,0,61,5,63,41,2272,4,1,60,51,37,2,0,1,237,62,921
138108.04,809,98,57,77,1,3,0,12,73,1,79,5,40,33,1730,5,1,43,56,34,1,0,0,247,25,809
521709.04,414,102,39,65,1,2,2,27,95,0,93,5,46,31,9400,6,1,99,47,31,1,1,0,240,75,414
332578.07,997,99,55,81,2,5,2,14,105,1,66,5,39,23,6423,3,1,74,46,31,1,1,0,214,47,997
432184.9,911,99,42,74,0,3,1,23,104,0,92,3,60,32,2531,5,1,89,48,33,6,1,0,217,35,911
320583.9,945,99,35,70,2,3,0,19,110,1,84,5,51,40,4455,4,0,76,62,28,15,0,2,235,52,945
167697.81,74,100,49,59,0,2,2,12,101,0,93,5,46,56,6398,5,0,55,40,33,7,0,2,228,35,74
412714.47,221,99,45,64,2,3,2,19,95,0,76,6,34,29,927,4,1,86,45,27,2,0,0,229,28,221
380568.73,21,97,54,71,2,1,1,20,91,1,97,6,83,39,1008,6,1,84,42,33,2,1,0,233,44,21
295892.53,782,102,52,79,2,1,1,13,96,1,78,6,57,18,9068,4,1,70,50,35,1,0,0,263,30,782
508723.16,314,98,47,76,2,3,0,29,88,0,63,5,24,31,4369,5,1,97,45,33,1,1,1,250,41,314
326792.66,357,101,56,69,2,5,2,12,106,1,81,5,55,12,9412,5,1,74,56,35,6,0,0,241,54,357
132985.5,492,99,45,85,2,5,0,29,95,0,73,6,37,47,2218,6,1,44,58,30,5,1,0,248,33,492
197545.4,786,95,48,66,2,3,0,18,97,1,80,3,72,25,9788,4,1,57,44,37,5,0,1,247,57,786
282032.34,315,102,56,74,0,5,2,11,103,1,69,5,82,26,5668,5,1,69,47,28,11,1,2,254,77,315
216028.08,127,102,55,52,2,2,0,17,116,1,85,5,53,47,4092,6,1,62,50,32,7,1,0,238,61,127
372010.55,163,101,61,75,2,5,1,27,96,1,54,6,35,18,9176,6,1,79,50,31,9,0,1,238,23,163
499330.31,551,97,42,70,2,2,1,12,102,1,80,4,51,33,5784,6,1,97,32,31,7,0,0,251,35,551
248437.01,155,96,49,77,2,2,1,15,107,1,70,5,50,49,4706,5,1,67,50,36,20,0,0,242,58,155
386581.32,925,100,44,51,2,3,0,15,102,1,76,6,50,38,5976,6,1,85,45,27,2,1,2,242,68,925
259783.08,519,96,45,58,1,1,1,21,106,0,90,4,43,33,3614,4,0,67,50,25,8,1,0,248,30,519
431220.23,520,100,49,59,2,2,1,25,105,0,84,6,42,26,6681,6,1,89,55,39,10,0,0,232,32,520
349879.78,932,101,56,81,2,3,0,17,102,1,62,5,55,30,5252,5,1,78,53,36,1,0,0,230,29,932
318322.64,416,97,46,65,1,2,1,17,103,1,96,5,64,20,378,5,1,75,56,38,6,0,1,245,55,416
254674.96,910,101,53,64,2,3,1,22,100,0,74,6,71,24,4680,5,1,65,52,31,11,0,0,220,26,910
150897.08,203,96,69,50,2,3,1,26,97,1,95,7,42,21,2944,3,1,46,50,35,9,0,0,263,30,203
304818.29,861,94,56,80,2,1,2,12,104,1,82,6,43,46,8083,4,1,75,33,38,1,1,1,270,62,861
150596.23,174,100,56,67,1,5,1,22,104,1,70,5,61,12,772,3,1,43,44,33,7,0,0,240,41,174
180215.16,649,97,52,68,1,1,0,27,97,0,47,5,50,43,2014,5,0,54,37,29,2,0,1,245,43,649
357444.38,830,103,55,67,2,4,1,16,106,1,47,5,38,25,7101,3,1,79,50,33,11,1,0,259,37,830
280276.14,585,100,56,78,0,5,0,22,107,0,84,5,25,30,945,5,0,68,39,30,15,1,0,260,29,585
440945.02,755,102,52,80,2,4,2,26,99,0,86,5,77,27,7012,5,0,89,52,27,20,0,1,254,18,755
408379.58,553,102,50,74,2,3,0,18,101,1,91,6,52,24,5886,6,1,85,52,30,1,1,1,257,57,553
244033.2,489,99,39,81,2,2,2,20,103,1,70,4,62,53,3718,6,1,66,52,29,9,0,2,229,19,489
190651.19,71,100,49,69,2,5,2,20,106,1,82,4,35,11,5410,4,0,51,59,27,5,1,0,236,67,71
289294.67,235,94,47,73,1,1,1,25,92,1,69,5,65,20,1350,3,1,70,64,30,20,0,0,228,37,235
324112.24,80,100,59,77,2,4,2,25,94,0,75,6,52,30,9364,4,0,74,36,26,15,0,2,257,50,80
271335.31,704,103,58,75,2,4,0,15,113,1,71,5,62,37,7945,6,0,69,52,37,1,1,0,241,43,704
298047.63,85,105,53,68,2,1,2,18,98,1,82,4,65,26,7466,4,0,71,48,29,15,1,0,262,56,85
172921.94,529,97,66,90,1,1,2,26,109,1,42,4,49,39,4916,5,0,49,44,30,12,0,0,236,75,529
395063.52,229,95,59,81,2,2,0,24,95,0,76,5,36,32,461,5,0,83,44,27,12,1,0,241,61,229
564798.9,329,99,43,77,2,4,2,13,102,1,69,5,57,8,8366,5,1,101,38,32,12,1,1,223,48,329
457240.9,109,102,52,77,2,3,0,28,110,0,85,6,61,13,640,5,0,90,62,35,1,1,2,254,69,109
330138.14,89,97,39,74,1,4,1,10,101,1,86,5,46,38,1626,6,1,78,54,36,9,0,2,211,39,89
320337.92,252,99,63,76,2,5,1,16,102,1,75,5,34,28,5882,5,1,73,55,31,9,1,0,221,26,252
320057.06,745,94,53,65,1,1,2,16,100,0,77,4,38,20,6843,5,1,74,50,36,15,0,0,242,24,745
305349.06,613,99,53,76,1,1,1,17,93,1,66,6,53,30,2093,4,0,73,53,37,10,1,0,257,50,613
601895.97,665,100,40,75,1,2,1,24,105,1,75,4,52,12,6273,5,1,105,56,23,11,0,1,238,54,665
466037.87,816,96,51,77,1,5,0,12,111,1,61,3,41,35,2980,5,0,93,43,31,6,0,0,234,23,816
492039.1,68,96,73,73,2,5,0,26,102,1,57,4,61,22,7592,6,1,94,44,27,4,0,0,260,63,68
191386.85,674,101,58,79,2,3,0,26,94,0,67,3,23,14,5573,4,1,50,63,29,7,1,0,251,59,674
266843.4,394,104,48,53,2,3,2,29,102,0,67,4,66,38,1319,5,1,69,54,29,8,0,0,250,55,394
291295.84,955,101,46,60,2,4,0,18,102,0,65,7,38,43,9210,6,1,73,57,33,20,1,2,255,62,955
275426.93,429,99,45,73,2,1,1,14,100,0,58,5,85,24,3485,6,1,69,56,34,12,1,0,245,33,429
257317.64,647,101,51,76,1,3,0,20,100,1,58,6,56,40,6735,4,1,66,45,29,8,0,0,236,48,647
257296.87,598,97,56,84,2,3,1,21,106,0,93,4,40,29,2964,6,1,64,43,31,11,1,0,245,62,598
188629.16,425,101,49,72,1,1,2,26,102,1,44,6,72,41,3340,5,1,57,61,37,2,0,0,229,55,425
186119.92,726,97,45,87,1,1,1,12,101,1,69,5,46,26,6886,6,0,53,51,35,20,1,1,242,57,726
239714.04,779,102,50,80,2,4,0,20,95,1,74,5,34,33,1127,5,1,63,63,36,1,1,0,248,58,779
275812.88,836,99,59,71,0,2,2,10,111,0,82,4,38,29,436,5,0,68,37,31,8,1,0,273,24,836
202103.89,724,101,48,59,0,4,2,19,107,0,79,4,41,21,2037,3,1,56,48,32,20,0,0,249,50,724
378548.81,319,98,53,68,2,1,0,21,103,0,44,6,62,34,5807,6,1,83,44,34,8,0,0,216,52,319
314630.94,344,97,48,77,2,2,1,16,107,1,63,5,55,39,2374,5,1,75,60,32,12,0,0,254,58,344
125894.45,574,95,38,86,1,1,0,24,97,1,93,5,53,32,966,5,1,40,41,30,7,0,0,224,32,574
201961.57,889,97,40,64,2,3,1,20,89,0,77,4,56,35,920,6,1,59,43,33,9,0,0,238,24,889
191515.52,164,99,52,73,2,1,0,15,103,0,95,5,20,27,9179,4,1,53,52,33,5,1,1,232,38,164
346379.61,349,99,55,58,2,5,2,23,103,0,54,5,35,15,4955,5,1,77,50,31,2,0,0,247,36,349
432309.81,439,98,36,78,0,1,0,21,97,1,77,5,72,27,9348,5,1,89,47,28,9,1,2,253,40,439
283383.95,126,103,40,88,1,1,2,28,92,1,98,6,91,19,1245,4,1,69,49,34,20,1,0,245,78,126
81367.23,624,99,48,59,1,3,2,13,91,0,84,5,50,37,3122,4,0,34,56,40,20,0,0,230,58,624
149219.82,894,102,57,59,2,3,1,28,99,1,85,7,36,45,7149,7,1,49,46,35,8,0,0,246,38,894
392219.15,843,98,40,80,2,4,2,17,99,0,86,4,71,14,5840,6,0,83,63,33,6,0,0,242,50,843
284291.8,263,99,37,65,2,4,2,15,97,1,75,3,66,6,6535,6,1,68,30,27,9,0,1,229,74,263
346633.07,438,98,64,81,2,3,2,19,97,1,78,4,64,26,6720,6,0,77,59,29,9,0,0,254,53,438
324751.28,447,100,58,70,2,1,0,19,89,1,65,5,71,54,1094,5,1,79,42,37,8,1,0,231,76,447
261137.96,788,97,45,80,2,3,1,22,93,1,85,7,42,41,5485,7,1,68,60,33,6,0,2,259,19,788
432072.51,279,101,52,74,1,5,0,23,95,1,87,5,76,22,6682,4,0,88,65,35,1,1,0,212,61,279
198565.81,91,102,50,61,2,5,0,12,95,0,78,5,77,42,2512,5,1,60,58,35,8,1,1,253,36,91
361534.04,754,102,51,69,2,3,2,18,101,0,77,4,28,21,1778,6,1,78,43,26,2,1,1,216,35,754
383613.76,993,101,51,84,2,3,2,20,95,0,78,5,53,19,3527,4,1,81,51,31,3,0,0,243,32,993
344563.57,249,95,51,85,2,4,2,11,102,1,86,5,62,28,1581,4,1,78,62,36,2,0,0,246,63,249
302314.07,583,95,41,75,1,3,0,20,111,1,101,5,49,46,4999,4,1,75,37,34,12,0,2,234,19,583
218152.82,853,95,45,77,0,2,1,17,100,0,79,6,36,34,1323,5,1,60,45,34,1,0,2,250,47,853
191994.32,827,102,39,82,1,1,0,14,99,1,74,6,80,41,3029,5,1,57,44,35,7,0,1,235,64,827
165609.64,556,99,42,76,1,4,0,14,97,0,93,4,48,45,6894,6,1,52,52,28,4,1,1,266,62,556
49989.27,902,98,45,64,1,2,2,18,84,1,63,6,59,56,6486,4,1,28,40,35,9,1,1,248,43,902
292382.41,28,97,47,89,2,4,1,22,101,1,81,4,52,29,8920,6,1,70,53,29,6,1,0,263,51,28
269649.49,369,98,44,68,0,4,1,22,104,0,80,7,27,25,7639,4,0,66,51,28,4,0,2,216,71,369
189660.71,135,98,53,58,0,4,1,25,101,1,94,5,35,57,5147,5,0,58,54,29,20,0,1,256,21,135
216652.38,503,100,63,83,1,2,2,28,98,1,67,6,62,25,1515,5,1,57,57,35,9,1,0,222,71,503
520937.5,603,100,52,88,1,2,1,15,106,0,84,5,54,10,8958,5,1,96,38,37,9,1,0,236,42,603
333855.6,799,97,46,79,2,1,1,29,106,1,69,6,77,32,2901,6,1,77,61,31,2,0,0,205,73,799
267106.2,72,99,55,83,2,4,1,25,96,1,69,5,44,7,9810,6,1,64,38,37,6,1,1,260,61,72
222687.42,413,103,49,65,2,5,0,15,91,1,61,5,41,26,6381,5,1,61,48,38,10,0,0,272,69,413
336873.01,563,97,35,60,2,3,0,27,112,1,87,4,44,14,5222,4,1,77,49,34,9,0,0,252,43,563
226074.97,657,99,59,60,2,5,1,10,105,0,94,4,48,18,2987,5,0,60,58,37,6,1,0,248,38,657
448828.27,262,93,52,75,1,3,0,13,90,0,90,4,28,34,8458,5,1,91,45,35,9,1,0,234,47,262
449196.49,775,103,57,80,2,2,2,19,116,1,74,7,55,23,663,6,1,89,49,26,4,0,1,240,48,775
382748.59,541,97,53,79,2,4,0,27,96,1,72,6,62,29,8649,4,0,83,63,34,11,0,0,225,39,541
147585.56,119,99,53,71,2,1,2,21,94,1,58,5,69,39,4931,5,1,47,54,28,8,0,1,251,77,119
359914.09,850,99,59,75,2,4,1,26,104,1,64,5,36,1,100,5,0,76,45,34,7,1,0,233,47,850
238509.92,330,99,53,71,2,5,1,14,85,0,95,4,44,19,7933,5,1,62,50,40,11,0,2,268,74,330
366089.37,433,101,36,88,2,4,0,26,107,0,73,5,82,40,2889,5,1,83,59,36,7,1,1,279,41,433
199527.37,471,98,44,65,2,5,2,25,108,0,81,5,48,12,5236,6,1,55,50,27,5,0,0,297,68,471
90689.78,336,101,52,83,2,1,0,16,104,1,72,5,38,45,400,6,1,31,44,29,8,0,1,254,70,336
418576.91,659,102,61,78,0,4,2,26,98,0,94,6,33,35,7628,5,0,87,57,38,9,1,1,260,32,659
294640.22,611,98,47,67,2,3,2,25,107,0,94,5,65,49,6278,5,1,75,48,34,6,0,0,263,23,611
431468.59,697,99,57,79,1,1,0,26,93,1,72,6,58,55,3676,5,1,91,46,34,1,1,0,240,21,697
497372.72,940,99,38,70,0,2,2,23,103,1,76,4,23,46,8174,5,1,97,44,32,15,0,0,251,76,940
409671.57,441,97,56,79,1,4,2,26,87,0,72,7,51,15,5999,5,1,84,52,34,11,1,2,233,59,441
393401.18,749,98,51,66,2,1,1,13,91,1,52,6,42,26,8219,6,1,83,64,22,2,0,0,211,22,749
342747.09,735,101,50,82,0,1,0,15,88,1,82,5,30,25,7608,4,1,77,46,42,20,1,0,246,67,735
228554.99,412,101,55,54,2,5,2,27,96,0,71,5,68,46,134,4,1,64,38,33,3,0,0,236,33,412
197080.22,886,101,45,76,1,3,2,11,110,0,96,4,32,31,8067,5,1,55,43,31,5,1,1,228,58,886
454680.47,176,102,53,84,2,4,0,27,95,1,74,5,43,42,5213,6,0,91,60,30,2,0,1,223,46,176
473725.81,838,98,50,81,2,3,1,29,92,0,63,5,77,33,9244,4,1,94,55,37,9,1,1,217,24,838
206080.35,445,102,55,84,2,3,2,26,91,0,84,5,58,41,629,6,0,58,49,35,15,1,0,240,66,445
353189.16,608,101,36,87,2,3,1,24,103,0,88,5,59,1,2986,4,0,76,41,37,3,0,0,242,39,608
180626.51,458,97,51,75,1,2,2,14,96,0,68,5,35,28,6436,6,1,52,52,33,9,0,0,240,74,458
249604.67,338,95,43,69,1,4,0,19,85,0,72,5,49,21,1714,6,1,65,39,35,9,0,1,249,53,338
205637.42,935,96,50,77,2,4,1,12,102,0,72,4,17,27,5198,5,1,56,54,40,20,0,1,221,73,935
355929.19,542,102,53,87,2,1,0,28,107,1,71,7,50,14,7704,5,1,77,62,30,4,1,0,243,67,542
287690.83,310,100,49,71,2,2,1,11,92,0,84,4,38,37,2865,6,1,71,60,33,11,0,0,236,34,310
192560.53,303,97,57,64,2,5,1,12,99,1,59,4,58,46,2765,6,1,57,45,28,9,0,0,250,69,303
446159.1,161,99,53,84,1,3,2,21,102,1,123,5,65,44,8736,5,0,91,52,29,1,1,2,254,73,161
121162.26,739,101,62,88,2,3,0,12,94,0,71,6,47,24,4839,5,1,38,53,41,9,1,0,277,34,739
215693.98,737,98,35,68,1,3,2,22,110,0,59,5,60,29,9407,6,1,60,40,31,2,1,0,226,54,737
231780.02,983,97,51,81,1,1,2,22,100,0,63,5,50,39,5234,5,1,62,43,29,12,0,2,228,43,983
205069.17,847,97,59,77,2,5,0,13,96,0,82,4,80,16,2722,3,1,55,44,33,8,1,0,230,38,847
